,p_val,avg_log2FC,pct.1,pct.2,p_val_adj,cluster,gene
11,9.59055227761461e-54,1.62455841489059,0.767,0.379,1.64919136965861e-49,0,GAL
1,1.27436398971561e-91,1.55087007173169,0.923,0.514,2.19139631671497e-87,0,ATP1B1
3,3.44657661081607e-71,1.30542056672245,0.835,0.372,5.92673313995931e-67,0,CFP
15,9.37991918637886e-50,1.21390500488991,0.661,0.269,1.61297090328971e-45,0,GJB2
67,5.50349626294129e-35,1.07768102438152,0.602,0.26,9.46381217375385e-31,0,MDK
58,1.22305476324928e-36,1.04611393492094,0.507,0.181,2.10316497088347e-32,0,NRGN
19,1.59570520834902e-48,1.03825330749428,0.876,0.722,2.74397467627697e-44,0,MLF2
48,3.60609720447305e-38,1.01256170956419,0.552,0.235,6.20104475281185e-34,0,ANK
52,2.34656826569778e-37,1.0119659326546,0.692,0.377,4.03515878969389e-33,0,CD37
10,7.88015300777785e-54,0.976661192529346,0.894,0.563,1.35507111121748e-49,0,CAPG
9,5.92147188794919e-59,0.937410420187189,0.982,0.912,1.01825630585174e-54,0,ZFAND6
33,9.08274082653687e-44,0.933991243838303,0.706,0.445,1.56186811253128e-39,0,AKR1B3
61,9.32862379334406e-36,0.924821796423935,0.697,0.362,1.60415014750344e-31,0,KIF21A
31,3.14349682528592e-44,0.870736494303637,0.855,0.525,5.40555714076166e-40,0,SH2D4A
30,2.51992797742531e-44,0.866455684327454,0.971,0.764,4.33326814998056e-40,0,S100A6
100,1.73691774436438e-29,0.85294624921465,0.443,0.158,2.98680375320899e-25,0,TMEM45B
51,1.68290801462038e-37,0.833263412903858,0.814,0.584,2.89392862194121e-33,0,TXNRD1
53,3.045674130616e-37,0.831928205599541,0.414,0.114,5.23734123500728e-33,0,SUSD2
62,1.29943448235532e-35,0.827131448524359,0.697,0.337,2.2345075358582e-31,0,CLIC3
7,9.73526571151171e-64,0.817445757059648,0.998,0.996,1.67407629175155e-59,0,TMSB10
50,1.4083002080219e-37,0.816534307200042,0.869,0.633,2.42171303771446e-33,0,RAB29
203,8.13560417834603e-20,0.815752255401681,0.441,0.232,1.39899849450838e-15,0,TSC22D1
135,4.27773771499535e-25,0.815444441896797,0.462,0.241,7.355997774706e-21,0,HSPA2
99,1.54979599028944e-29,0.814126144087389,0.557,0.316,2.66502918490172e-25,0,ACAA2
90,1.00577905152735e-30,0.808830890682908,0.584,0.285,1.72953765700643e-26,0,CADM1
40,3.0440545942301e-40,0.807076161067627,0.867,0.69,5.23455628023809e-36,0,PLSCR1
107,1.47764092286681e-28,0.800897745371278,0.434,0.158,2.54095133096177e-24,0,CYBB
108,2.37162534746154e-28,0.784861169388253,0.518,0.23,4.07824694749486e-24,0,DUSP4
25,1.84767149393007e-45,0.782436621931923,0.971,0.858,3.17725590096215e-41,0,CNN2
85,3.64241630068701e-31,0.776355436956758,0.559,0.256,6.26349907066139e-27,0,CNTN1
91,1.02924872136083e-30,0.774732244024582,0.683,0.419,1.76989610125207e-26,0,GNG10
44,4.15291475681388e-39,0.769088538666924,0.812,0.585,7.14135221581714e-35,0,TES
88,7.48316511321862e-31,0.765103295895898,0.851,0.625,1.28680507286907e-26,0,KCTD12
87,5.3719437503088e-31,0.764658610080643,0.817,0.532,9.23759447303101e-27,0,PLEK
80,2.01515028299087e-32,0.753548480247723,0.446,0.157,3.4652524266311e-28,0,GPR25
57,5.11270303997689e-37,0.743806089820093,0.799,0.621,8.79180414754426e-33,0,TMEM14C
169,1.57165930574125e-22,0.739970406821485,0.376,0.147,2.70262534215266e-18,0,IL1R2
42,1.86012084290225e-39,0.738723876061216,0.93,0.778,3.19866380145471e-35,0,CORO1A
158,2.37371452123979e-23,0.734054328322279,0.405,0.219,4.08183949072394e-19,0,HSPA4L
114,1.35090674379295e-27,0.727214482846037,0.326,0.093,2.32301923662636e-23,0,SCN3A
227,2.14513813436808e-18,0.720056267415128,0.552,0.349,3.68877953585935e-14,0,CD24A
120,7.20804285701584e-27,0.717955738553357,0.676,0.412,1.23949504969244e-22,0,CCR6
22,1.30971361396454e-47,0.714813848266138,0.998,0.906,2.25218353057343e-43,0,TMEM176B
109,3.5785484922206e-28,0.706447263291626,0.559,0.365,6.15367198722254e-24,0,UCHL3
245,8.59798222238778e-18,0.706241932480864,0.364,0.159,1.4785090229618e-13,0,MS4A6C
129,4.24822338312049e-26,0.7015726582864,0.636,0.407,7.30524492961399e-22,0,RBM38
138,6.22217187190609e-25,0.701225895311868,0.857,0.632,1.06996467509297e-20,0,CCND1
115,1.77180404496398e-27,0.699751815597385,0.683,0.433,3.04679423572006e-23,0,GRAP
72,1.05522293058577e-33,0.699427352868828,0.826,0.69,1.81456135143528e-29,0,MDH2
149,4.06184812331355e-24,0.697257133151041,0.652,0.432,6.98475403284998e-20,0,PEPD
130,1.04353079968079e-25,0.697220732358409,0.516,0.245,1.79445556313109e-21,0,GRIA3
117,3.60988833751189e-27,0.693622743128162,0.468,0.195,6.20756398518545e-23,0,PHGDH
55,3.75239973324642e-37,0.686228721264903,0.95,0.831,6.45262658129054e-33,0,S100A4
254,2.31031402433299e-17,0.683983070611306,0.443,0.237,3.97281599624301e-13,0,RASGEF1B
96,7.70989390988176e-30,0.680518081216483,0.706,0.508,1.32579335674327e-25,0,OSTC
83,9.7808953011306e-32,0.673085428472318,0.88,0.706,1.68192275598242e-27,0,H2-DMA
136,5.40353597069952e-25,0.671893614089922,0.493,0.262,9.29192045521489e-21,0,BCAM
147,1.99839294333255e-24,0.670754046931421,0.563,0.302,3.43643650535465e-20,0,SLA
166,1.1101575502835e-22,0.669248852892529,0.656,0.407,1.90902692346751e-18,0,GSN
155,9.76505881047562e-24,0.668804852975868,0.597,0.353,1.67919951304939e-19,0,SIGLECG
144,1.21001190254627e-24,0.667670666158029,0.701,0.46,2.08073646761857e-20,0,PDLIM4
86,4.79470129368129e-31,0.665166029523298,0.335,0.086,8.24496834461435e-27,0,TTYH1
66,4.76933444099812e-35,0.659971307131483,0.928,0.807,8.20134750474036e-31,0,EIF5A
167,1.37601740662678e-22,0.652703086436375,0.715,0.541,2.36619953243541e-18,0,SNRNP25
118,3.75106957824158e-27,0.649832569601644,0.783,0.564,6.45033924674422e-23,0,CHD3
191,3.96830660146402e-21,0.646545149695229,0.441,0.217,6.82390003187753e-17,0,JARID2
320,1.30479286318622e-15,0.644683776695225,0.394,0.183,2.24372180753502e-11,0,PRG2
113,9.03484836823737e-28,0.642518700701647,0.369,0.128,1.5536325254021e-23,0,TMEM132C
60,3.13451947478596e-36,0.64230214569258,0.923,0.791,5.39011968884194e-32,0,BANF1
172,2.34744285576706e-22,0.638359236040614,0.593,0.377,4.03666273477703e-18,0,PACSIN2
338,3.35048429833629e-15,0.632488548993422,0.81,0.693,5.76149279941909e-11,0,EMP3
123,1.19139129156322e-26,0.631284731930427,0.387,0.14,2.04871646497211e-22,0,SLC25A37
162,4.29405450514534e-23,0.622229035395149,0.317,0.115,7.38405612704793e-19,0,MMAA
279,1.60657679037396e-16,0.620340024630641,0.525,0.312,2.76266944872706e-12,0,NPTX2
303,5.23959371409594e-16,0.618377997457238,0.672,0.569,9.01000535075938e-12,0,NFIL3
173,2.60878769760507e-22,0.614707329041002,0.425,0.177,4.48607132480168e-18,0,MEF2C
157,1.56167980439417e-23,0.61257849838657,0.894,0.759,2.68546459163622e-19,0,UAP1
236,4.46490889921459e-18,0.61248064007515,0.403,0.192,7.6778573430894e-14,0,PTPRO
195,1.3261807806014e-20,0.612392061187993,0.563,0.312,2.28050047032217e-16,0,GMFG
102,3.01594284471977e-29,0.611119804657746,0.853,0.666,5.18621531578012e-25,0,SET
152,6.14053464299343e-24,0.608919121134078,0.753,0.567,1.05592633720915e-19,0,ARL6IP5
205,9.73239806199264e-20,0.608164211853219,0.631,0.462,1.67358317074025e-15,0,EHD1
271,8.29324189446891e-17,0.603397216550165,0.437,0.21,1.42610587617287e-12,0,HAS2
277,1.38519676151258e-16,0.6014721599146,0.572,0.364,2.38198435109703e-12,0,PGLYRP1
183,7.70302028384919e-22,0.600595463289002,0.627,0.365,1.32461136801071e-17,0,CADM3
153,6.31363369246398e-24,0.598473576087901,0.464,0.229,1.08569244975611e-19,0,UBE2E2
79,1.90043841200434e-32,0.598135257668893,0.923,0.819,3.26799389328266e-28,0,LIMD2
222,1.43019616661478e-18,0.597981081342661,0.529,0.306,2.45936532811078e-14,0,I830077J02RIK
143,1.19107627168155e-24,0.597172204163416,0.602,0.465,2.0481747567836e-20,0,STX7
551,8.21082587899371e-11,0.594364467176158,0.206,0.087,1.41193361815176e-06,0,LPL
89,9.69853210583621e-31,0.591276935678189,0.948,0.867,1.6677595809196e-26,0,NEDD4
4313,1.10896582341725e-84,2.94732619017811,0.647,0.125,1.9069776299483e-80,1,CLU
4347,5.0464980596978e-60,2.83627571396799,0.474,0.088,8.67795806345633e-56,1,SELENOM
4307,3.87153477344619e-91,2.82365727793476,0.699,0.178,6.65749119641807e-87,1,ASPRV1
4367,3.03317087524012e-50,2.40229763689794,0.583,0.185,5.21584063706291e-46,1,CCL22
4306,2.10086507006526e-91,2.35282271921448,0.726,0.237,3.61264757448421e-87,1,ZMYND15
4295,5.25755999660856e-125,2.27338129670894,0.823,0.123,9.04090017016808e-121,1,EPCAM
4299,3.21991393589155e-113,2.12785909813124,0.838,0.185,5.53696400415911e-109,1,LAPTM4B
4300,3.23598938844653e-107,2.09056929502035,0.944,0.397,5.56460735237265e-103,1,TYROBP
4339,7.19203811417332e-62,2.08448831108418,0.846,0.475,1.23674287411324e-57,1,APOL7C
4308,3.31979522440826e-90,1.8795867192845,0.861,0.417,5.70871986789245e-86,1,GYG
4324,2.94843945941332e-71,1.81550455575442,0.695,0.196,5.07013649440714e-67,1,LAD1
4333,2.51567974314388e-66,1.75348173247805,0.842,0.512,4.32596288631022e-62,1,RNASET2A
4296,4.53644573767283e-124,1.74857853014582,0.996,0.775,7.80087209050221e-120,1,TSPAN3
4309,5.99925868961695e-90,1.73777614110518,0.838,0.304,1.03163252426653e-85,1,LY75
4310,2.48163029364082e-87,1.70602969479192,0.955,0.731,4.26741145294475e-83,1,CRIP1
4341,4.26390130472627e-61,1.67198919922866,0.684,0.203,7.3322046836073e-57,1,MX1
4344,1.09150001082009e-60,1.65571881038637,0.876,0.61,1.87694341860623e-56,1,TSPO
4303,3.39151374432046e-96,1.65459660867136,0.951,0.542,5.83204703473346e-92,1,CXCL16
4311,3.61081043825174e-85,1.64009793972053,0.891,0.353,6.2091496296177e-81,1,NUDT17
4293,4.94419643142934e-138,1.63974655409743,0.996,0.789,8.5020401834859e-134,1,BASP1
4312,4.89810740503826e-85,1.58762980081299,0.966,0.602,8.4227854937038e-81,1,BST2
4741,2.71214689297748e-18,1.58025232427519,0.278,0.138,4.66380779716407e-14,1,TNNI1
4294,3.02002504678286e-136,1.57165941278827,1,0.914,5.1932350704478e-132,1,LAMP1
4316,1.5706612904093e-80,1.56774498844124,0.812,0.284,2.70090915498783e-76,1,RHOC
4304,9.61900174860615e-94,1.53642841098774,1,1,1.65408354069031e-89,1,MALAT1
4330,9.23699840578927e-68,1.52482880021152,0.846,0.362,1.58839424585952e-63,1,IRF8
4314,1.8217777584408e-84,1.46916067248107,0.914,0.536,3.13272903341479e-80,1,SOCS2
4332,6.05370143805365e-67,1.46098368830247,0.846,0.392,1.04099449928771e-62,1,CREG1
4869,2.76996573253932e-15,1.45591829381697,0.271,0.135,4.76323307367462e-11,1,SERPINB1A
4326,2.01440665548494e-70,1.45177505895762,0.989,0.752,3.4639736847719e-66,1,CCR7
4298,1.98757689896984e-118,1.43828485748982,1,0.994,3.41783723546854e-114,1,FTL1
4351,5.76753584484999e-57,1.41851172967023,0.861,0.468,9.91785463880405e-53,1,CDKN1A
4323,7.32685099427252e-73,1.41301679105837,0.981,0.689,1.2599252969751e-68,1,CD63
4406,6.92728389950008e-40,1.41037649440784,0.921,0.706,1.19121573935803e-35,1,EPSTI1
4421,1.18330698603368e-37,1.40752047998732,0.68,0.376,2.03481469318351e-33,1,TNFRSF4
4327,2.19254592641155e-70,1.37755993477669,0.914,0.495,3.7703019750573e-66,1,SLAMF7
4329,8.25431393426016e-70,1.36469977095908,0.977,0.808,1.41941182413538e-65,1,1810043G02RIK
4394,1.03982518622155e-42,1.35957588756044,0.868,0.491,1.78808339022658e-38,1,ATF3
4319,2.08028459474545e-78,1.35029765367497,0.962,0.746,3.57725738912428e-74,1,ANXA3
4359,2.08866681233951e-52,1.34028911468734,0.726,0.288,3.59167145049901e-48,1,DAP
4364,1.38302481484067e-51,1.33587152181085,0.801,0.405,2.37824947160002e-47,1,ACTN1
4320,1.63772898217086e-76,1.3318623119972,0.583,0.065,2.816238757741e-72,1,AIF1L
4337,8.5141058960644e-63,1.32964313850203,0.883,0.399,1.46408564988723e-58,1,AC149090.1
4856,1.4538665672818e-15,1.32556614984576,0.523,0.276,2.50006894909778e-11,1,2610528A11RIK
4325,6.45192444640008e-71,1.30093975083953,0.914,0.517,1.10947292780296e-66,1,ITGB1
4348,4.61706439226051e-59,1.29578592597353,0.812,0.296,7.93950392893117e-55,1,MPEG1
4435,2.4201639865694e-34,1.29383092925654,0.722,0.455,4.16171399130475e-30,1,IDI1
4328,6.69426409690026e-70,1.2874670568406,0.88,0.483,1.15114565410297e-65,1,FNBP1
4387,2.12611116942093e-44,1.27745209966667,0.59,0.189,3.65606076693623e-40,1,CD44
4354,6.38174635229919e-55,1.26237592201574,0.541,0.1,1.09740510274137e-50,1,LIMA1
4302,1.19084067366921e-96,1.24670732365665,0.966,0.784,2.04776962244158e-92,1,SPINT2
4407,1.56057000041073e-39,1.22197010195779,0.692,0.428,2.6835561727063e-35,1,ENO3
4350,4.35162868703386e-57,1.21413713899895,0.838,0.474,7.48306069022343e-53,1,CSTB
4322,2.37367090726646e-76,1.21286371922106,0.947,0.77,4.08176449213541e-72,1,COX5A
4369,4.11827380632016e-50,1.19479315352846,0.774,0.31,7.08178363734815e-46,1,APOBEC1
4374,2.02000899972781e-49,1.19370005277258,0.801,0.415,3.47360747593194e-45,1,ADAM8
4342,5.12806276610819e-61,1.18785208594079,0.985,0.83,8.81821673259964e-57,1,TMEM123
4372,1.16004713433975e-49,1.18635993747881,0.726,0.357,1.99481705221064e-45,1,GSTO1
4358,1.86397295304302e-52,1.17492568710526,0.861,0.665,3.20528789005277e-48,1,TXN1
4380,4.69321374871233e-47,1.17403153657119,0.316,0.017,8.07045036228572e-43,1,PPP1R1A
4352,1.10578117778138e-56,1.1731829062139,0.88,0.501,1.90150131331286e-52,1,SELPLG
4355,6.66023597995945e-54,1.14418034667816,0.65,0.175,1.14529417911383e-49,1,DBP
4382,4.90182778853486e-46,1.13981055345564,0.523,0.108,8.42918306516454e-42,1,DNASE1L3
4496,9.58688455779766e-28,1.13414353333301,0.365,0.097,1.64856066855889e-23,1,GNGT2
4353,1.81542046466717e-55,1.11730051881515,0.932,0.531,3.12179703104167e-51,1,ETV3
4391,2.61620111762249e-43,1.11662410280348,0.816,0.483,4.49881944186363e-39,1,NANS
4376,2.08882474901229e-48,1.11321289433701,0.56,0.126,3.59194303840153e-44,1,RAB38
4410,2.69909903526843e-39,1.11085733537686,0.692,0.309,4.6413707010476e-35,1,NSMCE3
4438,1.10035047461027e-33,1.1088383127329,1,0.965,1.89216267613982e-29,1,H2AFZ
4331,1.07885279019385e-67,1.10489917495299,0.868,0.499,1.85519525801734e-63,1,SCAMP2
4345,2.79157599648924e-60,1.10472670063661,1,0.975,4.8003940835629e-56,1,CALM1
4363,5.72867891766372e-52,1.10266226759777,0.97,0.847,9.85103626681453e-48,1,SQSTM1
4356,8.65905336407868e-53,1.09902441064433,0.692,0.248,1.48901081648697e-48,1,GFER
4636,1.30212824193454e-21,1.09883769339747,0.575,0.257,2.23913972483063e-17,1,H2-M2
4404,1.72429546232737e-40,1.0835999819442,0.68,0.296,2.96509847701815e-36,1,RAB9
4881,4.84970101844521e-15,1.07488019976262,0.662,0.478,8.33954587131838e-11,1,TM4SF5
4476,1.1201476692393e-29,1.07375140396418,0.774,0.513,1.92620593202391e-25,1,TUBB2A
4392,3.5754750829068e-43,1.06229900160742,0.876,0.58,6.14838695256653e-39,1,NCF1
4415,9.25900214691271e-39,1.05946859071473,0.985,0.906,1.59217800918311e-34,1,CST3
4335,7.16878534567638e-64,1.05484233535838,0.974,0.787,1.23274432804251e-59,1,PSMB8
4395,6.95535947688747e-42,1.04642828301137,0.842,0.57,1.19604361564557e-37,1,FAM32A
4959,8.81480031421499e-14,1.0371929668627,0.102,0.008,1.51579306203241e-09,1,IL2
4346,4.8325356335937e-60,1.03610141106579,0.989,0.922,8.31002827552773e-56,1,S100A11
4378,1.38323128042371e-47,1.03451732622055,0.387,0.04,2.37860450981661e-43,1,ITGB8
4366,3.97501084629322e-51,1.0262367393974,0.917,0.633,6.83542865128582e-47,1,H2-T23
4441,3.39760986207424e-33,1.02578332416312,0.662,0.313,5.84252991882287e-29,1,PHF11B
4448,1.88252070153735e-32,1.02015827293017,0.639,0.27,3.23718259836362e-28,1,TNFRSF9
4413,5.05642443668648e-39,1.01939116590367,0.846,0.471,8.69502746132607e-35,1,NEAT1
4399,1.79625866298443e-41,1.01890238893238,0.425,0.067,3.08884639686803e-37,1,RSAD2
4552,2.73315671925535e-24,1.01722991837145,0.459,0.183,4.6999362944315e-20,1,CAR2
4629,8.23246511189461e-22,1.01621762340255,0.436,0.175,1.4156547006414e-17,1,TDH
4822,2.69559925686856e-16,1.00192130213689,0.883,0.949,4.63535248211118e-12,1,TAGLN2
4383,3.91026596756337e-45,0.998834810785253,0.925,0.637,6.72409335782197e-41,1,ITM2C
4425,4.73443616274225e-37,0.998280738731664,0.951,0.786,8.14133642545157e-33,1,ID2
4377,4.85599635933133e-48,0.994510544337987,0.887,0.605,8.35037133950615e-44,1,TAPBP
4360,2.19838027413092e-52,0.968974768109461,0.406,0.041,3.78033471939553e-48,1,CTRC
4420,5.95550066771653e-38,0.960475795104509,0.65,0.245,1.02410789482053e-33,1,IL15
4408,1.82748412566771e-39,0.957683765719119,0.756,0.358,3.14254170249819e-35,1,SLC6A6
4756,8.18700475869456e-18,0.948568636722442,0.793,0.616,1.40783733830512e-13,1,SERPINB6B
4385,8.71429974867277e-45,0.945709666523311,0.459,0.074,1.49851098478177e-40,1,ARC
4430,9.46474516233043e-36,0.940908466978143,0.726,0.325,1.62755757811434e-31,1,TNFRSF1B
5420,8.56674384533288e-09,0.940902361798897,0.902,0.85,0.000147313727164344,1,CCL5
4697,2.26524336227411e-19,0.93649601646041,0.139,0.009,3.89531248576656e-15,1,MMP7
4539,4.04342058302384e-25,0.925414141686465,0.38,0.111,6.9530660345678e-21,1,MIR155HG
4419,5.64266894520628e-38,0.920459941695176,0.692,0.308,9.70313351817671e-34,1,FAM177A
4468,3.05385914148009e-30,0.917746305921062,0.609,0.261,5.25141617968916e-26,1,PLA2G16
4475,8.63502040360371e-30,0.917532236732536,0.876,0.681,1.48487810860369e-25,1,ITGA4
4426,7.84869572447619e-37,0.916174717700129,0.568,0.175,1.34966171678093e-32,1,GPR137B
4699,2.79737649244462e-19,0.914239217325904,0.628,0.37,4.81036861640777e-15,1,AIRE
4349,4.69329518840754e-59,0.907398595601309,0.421,0.03,8.07059040598561e-55,1,MYLK
4437,5.5371192787155e-34,0.898980657243507,0.639,0.256,9.52163031167917e-30,1,TAPBPL
4866,2.13137494173781e-15,0.898669693185521,0.147,0.018,3.66511234981234e-11,1,SERPINE1
4456,2.11665039106993e-31,0.885647032252892,0.699,0.342,3.63979201248385e-27,1,RNF115
4535,1.92179238852665e-25,0.884342954744319,0.624,0.291,3.30471419131043e-21,1,CRYAA
4398,1.77309602020501e-41,0.874901896004945,0.538,0.148,3.04901591634453e-37,1,OSBPL3
4529,1.12820370095922e-25,0.873954753313463,0.508,0.226,1.94005908416947e-21,1,GUSB
4466,2.91946355330774e-30,0.866098079981201,0.748,0.399,5.02030952626799e-26,1,RCSD1
4482,4.05931782699678e-29,0.865185559406453,0.214,0.015,6.98040293530366e-25,1,1700016F12RIK
4403,1.4995801659548e-40,0.863032957826268,0.906,0.562,2.57867805337588e-36,1,PSMB9
4412,3.44486405147613e-39,0.86188462652643,0.541,0.143,5.92378822291836e-35,1,CPNE2
4368,3.44113437554962e-50,0.857966896274652,0.962,0.843,5.91737467219512e-46,1,ATP6V0E
4440,3.33268819493503e-33,0.857929468484025,0.684,0.285,5.73089062001028e-29,1,UBE2L6
4389,9.35601432040474e-44,0.857209358672036,0.996,0.935,1.6088602225368e-39,1,PSME2
4514,2.44364045046255e-26,0.854032832910197,0.635,0.299,4.2020841186154e-22,1,TRPM2
4434,1.33465456778687e-34,0.842623585859305,0.876,0.688,2.2950719947663e-30,1,VCP
4463,1.02158160547136e-30,0.839174234991668,0.692,0.373,1.75671172876855e-26,1,PSMG4
4459,9.2526314441401e-31,0.838549161093868,0.677,0.32,1.59108250313433e-26,1,TAP2
4452,1.24304717147591e-31,0.834098200586305,0.65,0.282,2.13754391606997e-27,1,STX11
4835,4.68491393286819e-16,0.832479113320517,0.88,0.754,8.05617799896013e-12,1,MIF
4497,1.10573636507863e-27,0.831572269769372,0.737,0.386,1.90142425338921e-23,1,ARL5C
4516,3.58946815736932e-26,0.828068276862474,0.387,0.104,6.17244944341228e-22,1,HEBP1
4504,7.99245528972268e-27,0.826805480531344,0.868,0.666,1.37438261162071e-22,1,ABRACL
4798,8.47332688300963e-17,0.818027513509461,0.801,0.62,1.45707329080234e-12,1,NPC2
4393,9.95319765612796e-43,0.811028518777467,0.466,0.086,1.71155186894776e-38,1,EXOC3L4
4575,1.97289670478655e-23,0.80724199048904,0.624,0.307,3.39259317355095e-19,1,CTSC
4751,6.04680021421647e-18,0.807081673801399,0.733,0.53,1.03980776483666e-13,1,CRISPLD2
4397,1.06840549432e-41,0.806906564561753,0.966,0.833,1.83723008803267e-37,1,CTSZ
4460,9.3805588230061e-31,0.806676247755647,0.756,0.452,1.61308089520413e-26,1,NFKBIB
4388,5.4189865974899e-44,0.805081580249782,0.97,0.869,9.31848935304363e-40,1,PSME1
4461,9.97738244314609e-31,0.804738791032407,0.489,0.173,1.7157106849234e-26,1,HAGH
4641,1.95757458772254e-21,0.803421019096348,0.801,0.578,3.36624526104768e-17,1,PPDPF
4479,2.50675377674033e-29,0.799672183130351,0.62,0.279,4.31061379448267e-25,1,EDEM1
4522,6.25047566320767e-26,0.798000425456683,0.56,0.257,1.07483179504519e-21,1,VWA5A
4439,3.23024709927197e-33,0.788234686248349,0.553,0.178,5.55473291190808e-29,1,ADCY6
4486,1.54565853665581e-28,0.785597676466247,0.598,0.245,2.65791441963333e-24,1,SNN
4530,1.15787920340605e-25,0.785187451148288,0.842,0.564,1.99108907817704e-21,1,GLIPR1
4502,3.09919785106652e-27,0.784289480755916,0.831,0.518,5.32938062469399e-23,1,MXD1
4371,1.06202094457274e-49,0.784111432648188,1,1,1.82625121628729e-45,1,TMSB4X
4670,2.14964972774482e-20,0.78164988449497,0.602,0.329,3.69653767182999e-16,1,NRIP1
4489,2.37695448635636e-28,0.779784695899668,0.492,0.18,4.08741093473839e-24,1,LGMN
4748,4.09517869844298e-18,0.772442746721323,0.376,0.129,7.04206928984256e-14,1,ACKR3
4451,2.7777497352003e-32,0.77212084310461,0.568,0.188,4.77661844465043e-28,1,RALGAPA2
4443,4.40628958060868e-33,0.770756593389765,0.312,0.039,7.57705556281469e-29,1,IDO1
4543,7.149412594886e-25,0.762332667091923,0.665,0.348,1.2294129898166e-20,1,CTNNA1
4481,3.94873881512204e-29,0.762233293126707,0.936,0.731,6.79025126648386e-25,1,BIRC2
4580,3.30552726136388e-23,0.759917902093506,0.425,0.133,5.68418467864133e-19,1,GCLC
4365,2.92676958017035e-51,0.755652372850332,1,0.99,5.03287297006093e-47,1,H2-K1
4485,1.06065826465773e-28,0.755619662805748,0.831,0.559,1.82390795190543e-24,1,CCNI
4661,1.24820013866787e-20,0.755268161298197,0.508,0.22,2.14640495845327e-16,1,ST8SIA4
4553,2.99490949797715e-24,0.754925217475301,0.816,0.537,5.15004637272151e-20,1,SLC4A8
4423,2.91088396014356e-37,0.752940338399981,0.474,0.105,5.00555605786287e-33,1,GPM6B
4450,2.44087280582376e-32,0.751070304622029,0.274,0.03,4.19732487689454e-28,1,2200002D01RIK
4654,6.6534622209594e-21,0.744214837204476,0.579,0.288,1.14412936351618e-16,1,ARHGAP31
4494,5.24481776465069e-28,0.738655191719646,0.707,0.35,9.01898862809333e-24,1,CCNG2
4549,1.56572385291157e-24,0.736139526381288,0.737,0.449,2.69241873746673e-20,1,DAPP1
5130,1.27682858115239e-11,0.733654773505755,0.237,0.081,2.19563442814965e-07,1,KRT8
4519,4.3497602681002e-26,0.732820500227561,0.481,0.166,7.4798477570251e-22,1,NLRC5
4526,6.90321576496564e-26,0.726853933131579,0.85,0.629,1.18707698294349e-21,1,BRK1
4779,2.85878759438094e-17,0.726492346727253,0.53,0.279,4.91597114729747e-13,1,CDCP1
4585,3.81899940327801e-23,0.726485791164115,0.628,0.317,6.56715137387686e-19,1,DOK1
4558,5.39092173502982e-24,0.72526572332912,0.504,0.193,9.27022901555728e-20,1,GRINA
4542,6.05052198408278e-25,0.722952937650943,0.455,0.147,1.04044776038287e-20,1,GSTT2
4447,1.02522572232659e-32,0.722420406386529,0.981,0.885,1.7629781521128e-28,1,TRAF1
4500,2.90706246632468e-27,0.721994825832371,0.35,0.086,4.99898461709192e-23,1,TCIRG1
4579,2.75926244942071e-23,0.719189329922061,0.545,0.239,4.74482770802385e-19,1,TBC1D10A
4595,1.16246895543109e-22,0.717672369852587,0.5,0.192,1.9989816157593e-18,1,CBLB
5166,2.47747769581195e-11,0.715820835685907,0.654,0.478,4.26027064571822e-07,1,CD40
4513,2.36865493551906e-26,0.711246691258669,0.97,0.85,4.07313902711857e-22,1,CTSH
4557,4.37086196301865e-24,0.710341424211201,0.568,0.238,7.51613423160686e-20,1,MAPRE2
4582,3.63496742344846e-23,0.701886396747297,0.549,0.233,6.25068998136196e-19,1,ARHGEF40
4754,7.99534657056555e-18,0.701662537900469,0.737,0.554,1.37487979627445e-13,1,SCP2
4561,9.36124171937988e-24,0.700656601627759,0.575,0.251,1.60975912606456e-19,1,D17WSU92E
4572,1.6015326538931e-23,0.695759289799964,0.959,0.848,2.75399555163457e-19,1,UCP2
4671,2.20169021613079e-20,0.692876094040614,0.331,0.094,3.7860264956585e-16,1,GSTT3
4446,7.94450005798944e-33,0.687558458299163,0.368,0.065,1.36613622997186e-28,1,HSD3B7
4528,9.64581720495283e-26,0.686330203645004,0.515,0.184,1.65869472656369e-21,1,FLT3
4708,4.43872812427335e-19,0.684376229986164,0.639,0.372,7.63283688250045e-15,1,RAB8B
4576,2.04143138991139e-23,0.684029544358566,0.5,0.196,3.51044541809162e-19,1,PSEN2
4607,2.28993662382655e-22,0.676644660136433,0.68,0.371,3.93777501833213e-18,1,RIOK3
4831,3.76652367389392e-16,0.67455567405612,0.459,0.2,6.47691410962799e-12,1,HIST1H2BC
4521,5.03493883943678e-26,0.673757623467644,0.342,0.074,8.65808082829549e-22,1,PVR
4801,9.38239202348903e-17,0.672393836850327,0.917,0.853,1.61339613235917e-12,1,DUSP1
4646,3.54751130317571e-21,0.670315701404021,0.519,0.222,6.10030043694094e-17,1,PCYT1A
4727,1.36221958989913e-18,0.670252957678577,0.643,0.37,2.34247280679054e-14,1,MBP
4659,8.73813635434105e-21,0.667485830164136,0.688,0.447,1.50260992749249e-16,1,TMBIM4
4660,1.04179309791687e-20,0.666204169510075,0.752,0.543,1.79146741117785e-16,1,GTPBP4
4995,2.9407989020222e-13,0.666001120474162,0.519,0.352,5.05699779191738e-09,1,RNASET2B
4633,1.08317997517921e-21,0.659549401735832,0.523,0.213,1.86263628531818e-17,1,FLNB
4567,1.29998121010221e-23,0.655293178539991,0.515,0.205,2.23544768889176e-19,1,GTPBP2
4554,3.5404321185863e-24,0.653221100866664,0.492,0.175,6.088127071121e-20,1,GPR157
4609,2.47579542732555e-22,0.652641708197694,0.447,0.16,4.25737781682901e-18,1,GPR68
4627,6.92032116824061e-22,0.645918059861956,0.624,0.301,1.19001842809065e-17,1,AFTPH
5249,2.90171743616723e-10,0.644613059630436,0.447,0.251,4.98979330323317e-06,1,CSF2RB
4897,8.74494947310198e-15,0.644326213950577,0.342,0.132,1.50378151139462e-10,1,EMP2
4674,3.29081784153397e-20,0.644316016287025,0.763,0.475,5.65889036030182e-16,1,CACNB3
4780,3.02751531859044e-17,0.643661449517368,0.778,0.567,5.20611534184812e-13,1,PSMB7
4653,6.55724490523888e-21,0.63899539195535,0.786,0.517,1.12758383390488e-16,1,HTRA2
4714,6.53825863666131e-19,0.635750015955312,0.887,0.703,1.12431895516028e-14,1,ICAM1
4603,1.88947976291008e-22,0.635486361296522,0.643,0.321,3.24914940030018e-18,1,PAPSS2
5031,8.28971439071968e-13,0.634511314236808,0.605,0.378,1.42549928662816e-08,1,AHCYL2
4619,4.20549056595924e-22,0.631574866865825,0.466,0.178,7.23176157722352e-18,1,PARP8
4643,2.76565535098331e-21,0.629364772391263,0.59,0.277,4.7558209415509e-17,1,RASA2
4658,8.17611176094613e-21,0.627822387550587,0.376,0.114,1.4059641784123e-16,1,INSL6
4885,6.54991955440529e-15,0.625563726719589,0.609,0.361,1.12632416657553e-10,1,TRIOBP
4672,2.43445709587886e-20,0.623474483367041,0.827,0.623,4.18629242207329e-16,1,CDC37
4763,1.3041121342631e-17,0.622931024733697,0.47,0.204,2.24255122607883e-13,1,HOOK1
4602,1.69130182106355e-22,0.620589325724467,0.429,0.144,2.90836261150088e-18,1,PPM1K
4730,1.62197497583553e-18,0.620294367545138,0.703,0.417,2.78914816844677e-14,1,DYNLL2
4957,8.26413163134144e-14,0.619113536401698,0.778,0.557,1.42110007532547e-09,1,SAT1
5620,1.88651689599311e-07,0.61900952219557,0.286,0.16,0.00324405445434976,1,EGFL6
4551,2.66644572104431e-24,0.618266519222131,0.586,0.248,4.5852200619078e-20,1,PIK3R5
4655,6.80360331107478e-21,0.616529867252526,0.515,0.216,1.16994762537242e-16,1,F11R
4776,2.25216035128193e-17,0.614838400980937,0.271,0.068,3.87281494006441e-13,1,LTC4S
4685,8.39813197980233e-20,0.61335854720164,0.797,0.55,1.44414277524681e-15,1,STK4
5165,2.43705423101306e-11,0.610771940659022,0.244,0.09,4.19075845565005e-07,1,DCSTAMP
4583,3.74572524224838e-23,0.606307458550494,0.177,0.013,6.44114912657031e-19,1,AC163354.1
4524,6.85752782508041e-26,0.603714334749707,0.372,0.094,1.17922048480083e-21,1,MPI
4874,3.52501177792523e-15,0.601782419839234,0.756,0.53,6.06161025332023e-11,1,FAM129A
4717,7.7232327457188e-19,0.598882735153431,0.278,0.066,1.3280871029538e-14,1,MRC2
4718,7.73272637973211e-19,0.596381791270712,0.609,0.329,1.32971962825873e-14,1,ANXA7
4649,4.29621335702222e-21,0.596230759795912,0.32,0.08,7.38776848873541e-17,1,PHF11A
4930,3.31834531190994e-14,0.593267123571858,0.594,0.343,5.70622659836034e-10,1,TCTEX1D2
5243,2.4339776045607e-10,0.593077464771826,0.658,0.443,4.18546788880258e-06,1,IRF1
4696,1.95427178327073e-19,0.59225752912382,0.534,0.241,3.36056575851234e-15,1,DNAJB14
4608,2.33161709530939e-22,0.590702153212272,0.906,0.622,4.00944875709402e-18,1,BCL2A1A
5014,4.89650007989489e-13,0.590679483943247,0.673,0.432,8.42002153738725e-09,1,PFKFB3
4673,2.59023759504529e-20,0.589237671638642,0.575,0.27,4.45417256843988e-16,1,LEPROT
4724,1.06144629403118e-18,0.588535108243858,0.898,0.722,1.82526304721602e-14,1,SWAP70
4532,1.31055995072592e-25,0.585833293583439,0.632,0.277,2.2536388912683e-21,1,POLR3C
8297,6.504055165878e-13,1.70580599812156,0.272,0.105,1.11843732632438e-08,2,HSPB1
8195,3.26929500598514e-21,1.47068388372661,0.553,0.274,5.62187969229205e-17,2,H2-M2
8160,1.50836526169937e-43,1.45455574240554,0.659,0.223,2.59378490401823e-39,2,NRN1
8182,1.20721682797608e-25,1.41690140177755,0.521,0.22,2.07593005738767e-21,2,PRG3
8161,1.52650168068274e-41,1.37688800041343,0.502,0.099,2.62497229010204e-37,2,NCAM1
8158,1.22080301822767e-54,1.37222964817017,0.797,0.307,2.09929287014431e-50,2,CDH2
8180,3.75220027052288e-26,1.22968442999785,0.502,0.174,6.45228358519115e-22,2,TNFRSF11B
8159,3.16666524063294e-48,1.1955439856941,0.866,0.54,5.44539754779241e-44,2,NOSTRIN
8164,2.22586035302499e-36,1.17548531175494,0.894,0.623,3.82758946306177e-32,2,PRNP
8169,2.35888328797232e-32,1.16140115991871,0.608,0.222,4.0563357019972e-28,2,HAS2
8407,4.83644132269676e-10,1.09887404772857,0.406,0.222,8.31674449850935e-06,2,PRG2
8491,6.03468794154004e-09,1.08125095942341,0.355,0.171,0.000103772493842722,2,IL1B
8165,7.33301075577608e-35,1.07935694989519,0.825,0.564,1.26098452956326e-30,2,CD200
8561,2.15525291242974e-08,1.05666902965917,0.424,0.269,0.000370617290821418,2,PHLDA1
8162,1.99232654746441e-40,1.04453009140261,0.963,0.936,3.4260047310198e-36,2,KLF6
8513,9.14545907577872e-09,1.02067793613695,0.373,0.215,0.000157265314267091,2,CXCL10
8252,2.68372925659304e-15,1.02039213334216,0.502,0.332,4.61494082963739e-11,2,FLRT3
8188,9.89514107230716e-23,0.992710375860852,0.696,0.42,1.70156845879394e-18,2,TMTC2
8173,2.33535290793103e-28,0.98898324884506,0.521,0.162,4.01587286047819e-24,2,NRXN1
8176,1.78922639424823e-27,0.978132800931232,0.47,0.186,3.07675370754926e-23,2,GM16685
8172,1.08253237179972e-28,0.957644784125734,0.788,0.43,1.8615226665468e-24,2,CD81
8167,1.96347895119198e-33,0.946980537831578,0.917,0.667,3.37639840446972e-29,2,GNB4
8168,4.11033340127304e-33,0.944451576304923,0.7,0.448,7.06812931682912e-29,2,PNKD
8189,2.91244848700363e-22,0.925528593756747,0.502,0.261,5.00824641825144e-18,2,ADGRG6
8335,1.30566551074038e-11,0.919644980162213,0.806,0.667,2.24522241226915e-07,2,MFGE8
8204,3.8442551817411e-20,0.914067451722495,0.982,0.941,6.610581210522e-16,2,HSPE1
8183,1.44811891090725e-24,0.909564987732232,0.369,0.099,2.49018527919611e-20,2,NRG1
8175,1.08832914917801e-27,0.902240365250438,0.834,0.611,1.87149080492651e-23,2,TSPAN13
8206,8.22817594589142e-20,0.899161285521459,0.696,0.427,1.41491713565549e-15,2,KIF21A
8197,6.76240858795431e-21,0.881672904552402,0.756,0.604,1.16286378078462e-16,2,CDC42EP3
8185,1.27641466698968e-23,0.879874162899453,0.465,0.141,2.19492266135545e-19,2,SYT1
8231,2.08420068061709e-17,0.877975259620984,0.737,0.561,3.58399149038915e-13,2,KLF4
8200,1.8045720938612e-20,0.873341340432192,0.631,0.401,3.10314217260372e-16,2,VCAM1
8174,3.93945992813036e-28,0.86973794562758,0.687,0.466,6.77429529241298e-24,2,SYK
8170,5.16295149864908e-32,0.864097956461165,0.982,0.802,8.87821139707696e-28,2,S100A6
8171,2.52121215260673e-29,0.855670812886842,0.71,0.526,4.33547641762254e-25,2,MED10
8184,2.99209036215076e-24,0.836902255043899,0.857,0.684,5.14519858675444e-20,2,LY86
8331,1.04195084586109e-11,0.818465494859792,0.106,0.009,1.79173867454272e-07,2,CSN2
8192,8.25843711678905e-22,0.812196382067878,0.659,0.385,1.42012084660305e-17,2,PBXIP1
8213,3.88392664714536e-19,0.803904510337126,0.972,0.899,6.67880026243116e-15,2,JUN
8217,7.42371882325679e-19,0.798967923282033,0.608,0.363,1.27658268884724e-14,2,CD80
8226,7.11177239798227e-18,0.796966334358351,0.733,0.498,1.22294038155703e-13,2,NID1
8230,1.9075568089311e-17,0.787470799007192,0.286,0.072,3.28023468863791e-13,2,DSG1B
8203,2.55024521369399e-20,0.783662953772675,0.576,0.321,4.38540166946819e-16,2,NRP2
8240,1.6177965450785e-16,0.775188794380856,0.447,0.223,2.78196293891698e-12,2,CD86
8281,1.23118120814749e-13,0.77512149865696,0.452,0.239,2.11713920553042e-09,2,EFNB2
8627,5.13990300690663e-08,0.763694163268707,0.664,0.572,0.000883857721067665,2,DNAJB1
8178,4.05810411292103e-27,0.747464972829277,0.922,0.594,6.978315832579e-23,2,ATP1B1
8493,6.09397162457253e-09,0.738284083057607,0.728,0.602,0.000104791936056149,2,EGR1
8208,1.73881514847535e-19,0.736680974186279,0.876,0.789,2.99006652931822e-15,2,UAP1
8648,7.4031170124519e-08,0.734426698982957,0.18,0.087,0.00127304000146123,2,MYL7
8236,8.07956802925591e-17,0.733977251490011,0.24,0.05,1.38936251831085e-12,2,CSMD1
8246,6.89456226946806e-16,0.73104831024997,0.779,0.595,1.18558892785773e-11,2,PLEK
8285,2.40501225728061e-13,0.730614026050613,0.332,0.142,4.13565907761975e-09,2,PAPPA2
8216,7.27774573165061e-19,0.728262978308404,0.857,0.668,1.25148115601464e-14,2,KCTD12
8242,2.01905840408741e-16,0.721890996643293,0.705,0.57,3.47197283166871e-12,2,NFKBIZ
8211,3.00466228754259e-19,0.719098293711106,0.309,0.093,5.16681726965823e-15,2,MMP25
8239,1.18424261243698e-16,0.713581627496731,0.392,0.202,2.03642359634663e-12,2,PAM
8275,5.29413180178577e-14,0.709753332145153,0.378,0.17,9.10378904635082e-10,2,GM46212
8253,4.17855073412225e-15,0.705841805510821,0.406,0.202,7.18543584239663e-11,2,AI987944
8323,5.01105952795313e-12,0.704556858704976,0.507,0.401,8.6170179642682e-08,2,PROCR
8201,2.00957833645261e-20,0.703710150762982,0.341,0.125,3.4556709073639e-16,2,SLC26A2
8187,2.82364810226771e-23,0.702244407949229,0.94,0.896,4.85554527665955e-19,2,PNRC1
8387,2.04651419007871e-10,0.700413289507411,0.737,0.71,3.51918580125936e-06,2,HSPD1
8251,1.41101035611462e-15,0.698089791690315,0.475,0.235,2.4263734083747e-11,2,TBX3
8271,2.27677550378041e-14,0.69360509856893,0.332,0.135,3.9151431563008e-10,2,MADCAM1
8277,6.56155494447926e-14,0.692848881908108,0.779,0.676,1.12832498825265e-09,2,PMAIP1
8225,4.51728236357731e-18,0.691655105358042,0.922,0.826,7.76791875240754e-14,2,CLIC4
8210,2.97667151661793e-19,0.68223470352846,0.853,0.791,5.11868433997619e-15,2,MSN
8453,2.96104896693376e-09,0.67723643716364,0.429,0.313,5.0918198035393e-05,2,ASS1
8249,8.69782402986125e-16,0.669000608679217,0.65,0.468,1.49567782017494e-11,2,TMEM150C
8193,1.83245714062963e-21,0.667989817494721,0.986,0.872,3.15109329902671e-17,2,FSCN1
8205,4.75782057198758e-20,0.665917702288388,0.802,0.72,8.18154825558984e-16,2,EIF4A2
8247,8.32223941322284e-16,0.664031122478356,0.774,0.629,1.4310922894978e-11,2,RBPMS
8296,6.04718306132009e-13,0.659978498341133,0.581,0.478,1.0398735992246e-08,2,SLC41A1
8215,4.45149561553731e-19,0.656348394517448,0.571,0.407,7.65479186047796e-15,2,PNPLA8
8363,6.46426188406029e-11,0.653278237054729,0.143,0.023,1.11159447358301e-06,2,STMN2
8298,6.73495866691033e-13,0.640237805528019,0.908,0.79,1.1581434923619e-08,2,KLF2
8292,5.60779384430143e-13,0.63975924140751,0.452,0.247,9.64316229466075e-09,2,SIRPA
8190,5.44103603735324e-22,0.637092572848588,0.982,0.927,9.35640556983264e-18,2,TMEM176B
8243,2.36456283855813e-16,0.63295963915804,0.912,0.891,4.06610225718457e-12,2,ARF4
8254,4.68372065182719e-15,0.632604306411759,0.539,0.32,8.05412603288204e-11,2,FAS
8290,4.64704050604852e-13,0.628430742017196,0.816,0.596,7.99105085420103e-09,2,SH2D4A
8548,1.71243607137261e-08,0.622048623154928,0.129,0.033,0.000294470506833235,2,CEACAM15
8278,6.61869806098933e-14,0.61932472903918,0.47,0.258,1.13815131856772e-09,2,DPP10
8370,7.60564062422e-11,0.617901188842233,0.387,0.267,1.30786596174087e-06,2,PLBD1
8468,3.76773614913123e-09,0.614992756427703,0.512,0.461,6.47899908204606e-05,2,TNIP3
8235,7.81712614495891e-17,0.611834118525726,0.802,0.638,1.34423301188713e-12,2,LRRK1
8282,1.31764901097433e-13,0.609396965782486,0.479,0.285,2.26582923927146e-09,2,L1CAM
8191,6.11121490225712e-22,0.608864806027983,0.977,0.903,1.05088451459213e-17,2,TMEM176A
8312,1.53940659248136e-12,0.592456132961157,0.438,0.238,2.64716357643094e-08,2,1500009L16RIK
8270,2.256749288433e-14,0.589129267362855,0.392,0.277,3.88070607638939e-10,2,STRIP2
8382,1.31858829403519e-10,0.585713861635331,0.525,0.35,2.26744443042291e-06,2,MYO5B
12817,8.39249139842776e-104,3.07078764552625,0.8,0.11,1.44317282087364e-99,3,HIST1H2AP
12819,7.10283748619989e-102,3.0499587857956,0.742,0.042,1.22140393412693e-97,3,HIST1H1B
12812,1.0516931081195e-120,3.046789243478,0.852,0.046,1.8084914687223e-116,3,PCLAF
12804,1.99309600622175e-220,3.01007706988009,0.994,0.583,3.42732789229893e-216,3,HMGB2
12808,1.16644492852022e-149,3.00910220471046,0.923,0.038,2.00581869908337e-145,3,MKI67
12820,2.01654469047235e-101,2.97681981280762,0.697,0.019,3.46765024973624e-97,3,UBE2C
12807,2.24217114485559e-153,2.9577682723823,0.961,0.129,3.85563750069367e-149,3,TOP2A
12823,8.90644465972862e-97,2.92683473024032,0.787,0.14,1.53155222368693e-92,3,HIST1H2AE
12805,1.03540234377639e-211,2.88918688550685,0.987,0.7,1.78047787035788e-207,3,TUBA1B
12810,5.12377174123856e-131,2.60488459009287,0.897,0.241,8.81083788623382e-127,3,H2AFX
12813,7.97169572117947e-119,2.5810932990869,0.897,0.116,1.37081279621402e-114,3,STMN1
12890,8.88987726354052e-48,2.49431355387674,0.523,0.057,1.52870329423843e-43,3,HIST1H1D
12809,3.42738241509699e-142,2.41484875158256,0.852,0.014,5.89372680100078e-138,3,BIRC5
12806,1.0508418653806e-181,2.37556465003698,0.994,0.848,1.80702767170848e-177,3,TUBB5
12822,3.78180693191686e-100,2.2659650920581,0.684,0.017,6.50319520012423e-96,3,RRM2
12824,1.8710165763387e-96,2.23300825429556,0.658,0.014,3.21740010467203e-92,3,CENPF
12891,1.09298244503011e-47,2.12761031573663,0.723,0.225,1.87949261247378e-43,3,HIST1H1E
12829,1.79515206977806e-82,1.91276843300439,0.858,0.196,3.08694349919035e-78,3,LMNB1
12837,5.94271730945891e-75,1.90731781613903,0.852,0.287,1.02190966853455e-70,3,TUBB4B
12818,3.76865977955853e-103,1.83321218540188,0.755,0.035,6.48058735692885e-99,3,SPC24
12821,1.5253721965264e-100,1.82826860234927,0.748,0.034,2.62303002914681e-96,3,NUSAP1
12882,1.58094966787686e-51,1.77871783156284,0.374,0.006,2.71860104888105e-47,3,HIST1H2AF
12811,1.62115442977211e-121,1.76159499510598,0.774,0.014,2.78773715743613e-117,3,CDK1
12825,2.46584740570926e-95,1.7575623526896,0.755,0.05,4.24027119885765e-91,3,CDCA8
12814,3.15943761047706e-109,1.73068170295956,0.716,0.012,5.43296891497636e-105,3,CCNA2
12826,3.46824056326777e-95,1.71955758156646,0.632,0.011,5.96398647259526e-91,3,KNL1
12828,1.20412497135549e-88,1.71582352941365,0.948,0.605,2.07061330074289e-84,3,HMGN2
12827,5.56629274684794e-90,1.6950680839304,0.69,0.031,9.57179700747972e-86,3,TPX2
12859,5.52297534046112e-61,1.69177438407307,0.529,0.028,9.49730839545694e-57,3,HIST1H2AB
13137,1.17916225052165e-14,1.6289220769448,0.445,0.169,2.02768740599702e-10,3,IL1B
12856,3.98780353345285e-64,1.62387320974661,0.671,0.096,6.85742695612553e-60,3,TYMS
12815,7.48062716023844e-109,1.60830536344144,0.703,0.01,1.2863686464746e-104,3,KIF11
12841,1.2200268573229e-73,1.59945221766332,0.845,0.174,2.09795818385246e-69,3,CKS1B
12849,2.2984274721053e-66,1.58003599555046,0.877,0.303,3.95237588103227e-62,3,SMC4
12874,3.86657280970632e-55,1.55868377706633,0.703,0.155,6.64895860357099e-51,3,CKS2
12832,4.17527847683936e-77,1.54293023698058,0.6,0.027,7.17980886877296e-73,3,KIF23
12847,9.48452775878708e-70,1.52983386666063,0.826,0.226,1.63095939340103e-65,3,SMC2
12894,7.85860521229308e-47,1.52221118421246,0.677,0.254,1.35136575230592e-42,3,DUT
12816,1.93003320391327e-108,1.50620241621769,0.703,0.011,3.31888509744926e-104,3,CDCA3
12877,3.48150884080889e-54,1.47581749521853,0.619,0.082,5.98680260265496e-50,3,GM4316
12836,3.41707340058025e-75,1.45637822357018,0.942,0.607,5.8759994196378e-71,3,H2AFV
12844,2.05384623952515e-72,1.42712398681052,0.529,0.011,3.53179399348744e-68,3,CCNB2
12839,7.30351776211152e-75,1.41063867779424,0.581,0.022,1.2559129143727e-70,3,PRC1
12884,3.65398885908859e-51,1.40122707061408,0.581,0.077,6.28339924208873e-47,3,KPNA2
12864,4.49345369270401e-59,1.40101511775954,0.723,0.122,7.72694296997382e-55,3,RRM1
12846,1.72281481126373e-70,1.3843551970314,0.981,0.852,2.96255234944911e-66,3,HMGB1
12957,3.62089959745613e-28,1.36995898369887,0.735,0.426,6.22649894778556e-24,3,TUBA1C
12906,2.83489766459004e-40,1.36094327383698,0.374,0.023,4.87489002402904e-36,3,HIST1H1A
12878,9.32730459621923e-53,1.3455747898077,0.884,0.418,1.60392329836586e-48,3,TMPO
12830,9.53854831592855e-80,1.33838010540018,0.542,0.007,1.64024876840707e-75,3,ASPM
12850,3.01316470348126e-66,1.33491340690464,0.677,0.071,5.18143802410638e-62,3,INCENP
12861,6.03158695953319e-60,1.32637371651533,0.935,0.599,1.03719169356133e-55,3,UBE2S
12889,3.65476694269381e-48,1.31416960124318,0.742,0.324,6.28473723465627e-44,3,EZH2
12879,2.11613658272798e-52,1.30952915507578,0.697,0.139,3.63890846765903e-48,3,ATAD2
12848,1.80263849318044e-69,1.2823745023938,0.51,0.011,3.09981715287308e-65,3,CENPE
12927,1.58578538202557e-33,1.27725959532086,0.484,0.096,2.72691654293118e-29,3,GM42047
13012,1.96347770090468e-21,1.2363065459698,0.581,0.21,3.37639625447568e-17,3,HIST1H1C
12909,7.73627949684205e-40,1.23475943426798,0.31,0.007,1.33033062227696e-35,3,HIST1H2AK
12845,7.03651874332982e-71,1.21964165859,0.671,0.059,1.209999763103e-66,3,TACC3
12854,1.04207560375331e-64,1.21963793735108,0.942,0.728,1.7919532082142e-60,3,RAN
12902,8.87426927517556e-41,1.20164603898168,0.935,0.83,1.52601934455919e-36,3,ARL6IP1
12833,1.89597873790983e-76,1.19525943112501,0.49,0.002,3.26032503770974e-72,3,HMMR
12926,1.51086548144617e-33,1.1935537181485,0.632,0.202,2.59808428189484e-29,3,UHRF1
12831,1.06215087993445e-79,1.18753653082631,0.574,0.013,1.82647465313528e-75,3,AURKB
12947,2.51750864055701e-29,1.18353942125301,0.542,0.155,4.32910785830183e-25,3,CENPA
12843,2.5231373498104e-73,1.16956968296239,0.568,0.019,4.33878698673396e-69,3,CKAP2L
12834,2.02535627328817e-76,1.14931031383357,0.51,0.005,3.48280264754633e-72,3,FBXO5
12838,6.39422709516911e-75,1.14244411284383,0.535,0.011,1.09955129128528e-70,3,KIF15
12914,2.09392145346113e-38,1.14069789385089,0.606,0.134,3.60070733137176e-34,3,NRM
12835,2.17947951875246e-76,1.12226887629019,0.581,0.02,3.74783298044673e-72,3,BUB1B
12858,3.35517151414148e-62,1.11274168851665,0.555,0.032,5.76955293571769e-58,3,RAD51
12876,3.3862260925867e-54,1.10621354417535,1,0.992,5.82295438881208e-50,3,PTMA
12919,3.96661180900608e-36,1.09446901736201,0.819,0.409,6.82098566676686e-32,3,ANP32E
12840,4.24814838227523e-74,1.09119460781469,0.529,0.01,7.30511595816049e-70,3,KIF4
12860,8.61596335421008e-61,1.09081564629233,0.574,0.04,1.48160105838996e-56,3,RACGAP1
12871,7.90482665163187e-56,1.09025852074859,0.574,0.051,1.35931399101462e-51,3,NCAPD2
12873,3.8099049950903e-55,1.06610426352474,0.477,0.023,6.55151262955728e-51,3,TK1
12857,1.76159527617868e-62,1.05446633012256,0.419,0.003,3.02923923691686e-58,3,CCNB1
13346,9.26521915656877e-10,1.05087942920592,0.142,0.019,1.59324708616357e-05,3,CCL4
12915,2.99811732243814e-38,1.04925403515587,0.903,0.668,5.15556254766462e-34,3,NAP1L1
12896,7.83533247572716e-44,1.04635539859234,0.968,0.763,1.34736377252604e-39,3,ANP32B
12842,2.21493299316758e-73,1.04577163644811,0.581,0.021,3.80879877505098e-69,3,DLGAP5
12867,1.44463291783378e-58,1.03603139526425,0.555,0.04,2.48419076550697e-54,3,ASF1B
12933,2.88735084436451e-31,1.01952195287756,0.555,0.135,4.96508851196922e-27,3,MCM7
13284,8.08814563634109e-11,1.01545312297882,0.723,0.543,1.39083752362521e-06,3,RGS1
13150,4.13798648310354e-14,1.0086773135553,0.465,0.191,7.11568155634484e-10,3,GBP2
12866,5.6016719969254e-59,1.00591346575023,0.497,0.022,9.63263516591291e-55,3,CLSPN
13004,4.04470809284564e-22,1.004849113382,0.69,0.356,6.95528003645736e-18,3,SLBP
12952,2.42062252157464e-28,0.994903099382368,0.852,0.614,4.16250248809974e-24,3,JPT1
12935,1.44272602954002e-30,0.990429537384821,0.516,0.118,2.48091168039702e-26,3,FEN1
12895,1.00597782547169e-46,0.978084478272876,0.555,0.066,1.72987946868112e-42,3,MELK
12901,7.9818435764913e-41,0.976561418634025,0.632,0.132,1.37255782141344e-36,3,GMNN
12912,3.9066669623044e-39,0.974754742184401,0.652,0.142,6.71790450837864e-35,3,PLK4
12887,7.96391904336381e-50,0.965051366939031,0.374,0.007,1.36947551869684e-45,3,HIST1H3B
12980,1.89775810084975e-24,0.964234723559586,0.581,0.241,3.26338483022124e-20,3,PCNA
12852,7.95857907465999e-66,0.964181353728599,0.484,0.01,1.36855725767853e-61,3,NCAPG
12872,1.26885893244878e-55,0.95556160956462,0.387,0.004,2.18192982023892e-51,3,NEIL3
12853,1.21609708213635e-65,0.95387529773271,0.445,0.004,2.09120054244167e-61,3,CEP55
12868,9.03412880701292e-58,0.952598117071624,0.484,0.02,1.55350878965394e-53,3,SPC25
12932,2.71420286057086e-31,0.944163435432729,0.923,0.629,4.66734323903765e-27,3,DEK
13033,1.13955355233704e-19,0.939555536054626,0.581,0.236,1.95957628859877e-15,3,MCM6
12900,1.33348609091591e-41,0.936032152444778,0.335,0.01,2.293062681939e-37,3,CDC20
12851,6.05029638969082e-66,0.923247702545774,0.439,0.003,1.04040896717123e-61,3,PLK1
13384,2.48925805419975e-09,0.916898753463913,0.232,0.064,4.28052815000188e-05,3,IFITM3
13020,4.26225368255635e-21,0.91663448309499,0.645,0.284,7.3293714325239e-17,3,DNMT1
12982,2.6631011676548e-24,0.906361613415082,0.761,0.396,4.57946876789919e-20,3,NUCKS1
12892,1.46662963801505e-47,0.904853437321885,0.484,0.037,2.52201632553068e-43,3,CDCA2
13391,2.73972456359113e-09,0.90368820875104,0.426,0.201,4.7112303595513e-05,3,ISG15
12855,1.61332546975741e-64,0.903120990028105,0.432,0.003,2.77427447779484e-60,3,ESCO2
13031,6.17337524534094e-20,0.902079801120806,0.594,0.263,1.06157360718883e-15,3,MCM3
13098,3.70307738298246e-16,0.901712014687801,0.845,0.601,6.36781186777664e-12,3,PSMB9
12929,6.73639695025292e-32,0.896977763246624,0.51,0.095,1.15839081956549e-27,3,HJURP
12883,2.46448496390085e-51,0.882328533517689,0.465,0.024,4.23792834392391e-47,3,CIT
12967,1.22385505477393e-26,0.880369223650883,0.632,0.22,2.10454115218925e-22,3,USP1
13000,8.90624628734888e-23,0.878166499234359,0.787,0.436,1.53151811157251e-18,3,SSRP1
12937,3.5565768177722e-30,0.875954684532459,0.535,0.116,6.11588949584108e-26,3,TRIM59
12870,6.81406433180362e-57,0.862046610479414,0.49,0.022,1.17174650249695e-52,3,SHCBP1
12988,9.95539527502744e-24,0.860511468213304,0.897,0.744,1.71192977149372e-19,3,HNRNPAB
12948,6.59794994581807e-29,0.858693681365851,0.535,0.124,1.13458347268288e-24,3,NSD2
12869,1.22522237647774e-57,0.85666017108224,0.445,0.011,2.10689239859112e-53,3,SGO2A
12931,1.49835567080657e-31,0.849640207861108,0.974,0.846,2.57657241151897e-27,3,HNRNPA3
12920,4.06680853692282e-36,0.846397216922879,0.465,0.058,6.99328396009249e-32,3,KIF20B
13206,1.56862630344345e-12,0.842916664709175,0.239,0.053,2.69740979140136e-08,3,FGL2
13210,2.26600840007636e-12,0.84097019941287,0.555,0.279,3.89662804477131e-08,3,RAP2B
12862,1.36174625579215e-59,0.840296337119308,0.51,0.023,2.34165886146019e-55,3,NDC80
12930,7.57909816835018e-32,0.837547059917116,1,0.968,1.3033017210295e-27,3,H2AFZ
12875,5.46647697583914e-55,0.837020553713047,0.406,0.007,9.40015380765299e-51,3,KIF22
12966,7.28742066496442e-27,0.83666358897994,0.606,0.187,1.25314485754728e-22,3,TOPBP1
12865,4.94978601255468e-59,0.825165698519323,0.419,0.006,8.51165202718903e-55,3,PBK
12991,1.61016080495884e-23,0.818717554411403,0.477,0.119,2.76883252020722e-19,3,HELLS
12924,1.12006307481934e-35,0.809696397928504,0.503,0.077,1.92606046345934e-31,3,DBF4
12925,9.85247776197421e-35,0.804725285027803,0.439,0.052,1.69423207594909e-30,3,DIAPH3
12995,2.15550612175725e-23,0.803199430141387,0.484,0.128,3.70660832697376e-19,3,TIPIN
13037,3.94544699396988e-19,0.802830979542624,0.774,0.486,6.7845906508306e-15,3,SNRPD1
13045,1.06421866476454e-18,0.795060764389531,0.445,0.136,1.8300304159291e-14,3,LIG1
12863,2.28524404830302e-59,0.794211693766483,0.432,0.007,3.92970566546188e-55,3,BUB1
12954,2.55691697204207e-28,0.790151724703279,0.452,0.084,4.39687442512355e-24,3,NCAPD3
12893,5.05459164088377e-47,0.787845203020938,0.394,0.014,8.69187578566372e-43,3,AURKA
13108,9.29906134538437e-16,0.780724790495158,0.748,0.548,1.5990665889523e-11,3,RANBP1
13126,5.52342631168727e-15,0.77944773148073,0.361,0.103,9.49808388557743e-11,3,HIST1H3E
12911,3.21129370175729e-39,0.776539045124132,0.387,0.024,5.52214064954183e-35,3,LOCKD
12970,8.61622797352165e-26,0.77122080917755,0.484,0.113,1.48164656232678e-21,3,GM10282
12888,3.98792724728532e-49,0.764557592888077,0.381,0.009,6.85763969443184e-45,3,CCNF
12918,3.23572571895817e-36,0.763008185847946,0.335,0.016,5.56415394632046e-32,3,MIS18BP1
12989,1.35655150872577e-23,0.759713105240499,0.6,0.196,2.33272597440484e-19,3,CKAP5
13028,4.83586594789061e-20,0.758452058372739,0.826,0.494,8.31575508399269e-16,3,SMC1A
12916,1.82539570341862e-37,0.753314684265623,0.284,0.005,3.13895045159865e-33,3,HIST1H2AG
12999,6.5355468415344e-23,0.752815962286098,0.632,0.232,1.12385263487026e-18,3,LSM2
12904,1.48495663983487e-40,0.746676281651349,0.323,0.008,2.55353143786004e-36,3,CDKN3
12958,1.07130461180766e-27,0.742664790452328,0.394,0.055,1.84221541046445e-23,3,HIRIP3
12945,1.83460619326258e-29,0.741464389415122,0.277,0.014,3.15478880993433e-25,3,HIST1H2AN
12917,2.81586761901128e-37,0.739825056768229,0.4,0.034,4.84216595765179e-33,3,NCAPG2
12885,7.70271021166514e-51,0.737647515410237,0.432,0.017,1.32455804799794e-46,3,CENPM
13070,2.3792969537595e-17,0.732253825345054,0.929,0.754,4.09143904168483e-13,3,HNRNPU
12908,4.96063241702462e-40,0.726835767463051,0.381,0.022,8.53030350431553e-36,3,ECT2
13067,2.00073380971646e-17,0.726295192962989,0.594,0.248,3.44046185918843e-13,3,NASP
13121,3.07522934621862e-15,0.723537511432299,0.665,0.373,5.28816438375754e-11,3,SELENOH
13124,3.79214908996894e-15,0.72274719020582,0.187,0.023,6.52097957511058e-11,3,SLC7A11
12973,1.48206524134262e-25,0.722734342939404,0.458,0.095,2.54855938901277e-21,3,ATAD5
12897,6.79496192495662e-43,0.720437640862084,0.368,0.014,1.16846165261554e-38,3,KIFC1
13013,2.35146960708876e-21,0.716190160949624,0.458,0.117,4.04358713634984e-17,3,MCM5
12938,4.06763630175933e-30,0.715656180455468,0.548,0.122,6.99470738450534e-26,3,RFC5
13090,2.11372683498992e-16,0.71544423240159,0.497,0.183,3.63476466544866e-12,3,MCM4
13105,8.82936626364131e-16,0.715260887421489,0.845,0.569,1.51829782269576e-11,3,SRSF2
12959,1.78225050389761e-27,0.714116745714214,1,0.892,3.06475796650233e-23,3,RBM3
13036,2.84377524779317e-19,0.709119984077595,0.91,0.713,4.89015591610514e-15,3,SRSF7
13096,3.55239344239306e-16,0.700563552619433,0.761,0.423,6.1086957635391e-12,3,RAD21
13073,2.53344453615452e-17,0.700028096216184,0.826,0.644,4.35651122437131e-13,3,CALM2
12880,2.65242032004357e-52,0.699581881012234,0.368,0.004,4.56110198234693e-48,3,KIF20A
13035,1.86914737721759e-19,0.697098155601507,0.355,0.075,3.21418582986337e-15,3,HIST1H4D
13131,6.94531687523822e-15,0.696630001465853,0.71,0.4,1.19431668986596e-10,3,NELFE
13330,4.3933768705641e-10,0.694534365686886,0.471,0.221,7.55485086662202e-06,3,IL21R
13056,5.28790828613236e-18,0.693438643299187,0.774,0.421,9.09308708883321e-14,3,SMCHD1
13017,3.49979152022285e-21,0.692403725454384,0.484,0.135,6.01824149817521e-17,3,ORC6
13120,2.83550341435075e-15,0.691660116928759,0.697,0.376,4.87593167131755e-11,3,PSIP1
13142,1.84723149333781e-14,0.689168966089924,0.348,0.111,3.17649927594369e-10,3,HCK
13002,1.57897283268691e-22,0.685641308425858,0.471,0.117,2.71520168308841e-18,3,CCDC34
12934,3.200602824353e-31,0.684120094648912,0.348,0.03,5.50375661675742e-27,3,KNSTRN
12928,1.9159885257556e-32,0.68381515609104,0.355,0.029,3.29473386888934e-28,3,ZFP367
12964,3.5918993014067e-27,0.681655261705238,0.361,0.045,6.17663003869897e-23,3,DTL
13244,1.74380108747463e-11,0.68136247184894,0.845,0.702,2.99864035002137e-07,3,PSAP
12993,1.83939432397816e-23,0.673695388052502,0.432,0.091,3.16302247951285e-19,3,SLC43A3
12939,4.75095216894626e-30,0.672383226320114,0.277,0.013,8.16973734971999e-26,3,HIST1H3C
13081,6.85084932354116e-17,0.670695164678549,0.839,0.608,1.17807204967614e-12,3,RALY
13097,3.69270463331189e-16,0.670243473114872,0.697,0.346,6.34997488744312e-12,3,SMC3
12984,2.97058520789052e-24,0.666368423278408,0.31,0.034,5.10821832348854e-20,3,TCF19
12881,3.48458879377593e-52,0.661488548499421,0.368,0.004,5.99209888977709e-48,3,SKA1
13370,1.46479024475084e-09,0.660681552975455,0.555,0.312,2.51885330487354e-05,3,RGS10
12986,8.16226477223724e-24,0.656050005957039,0.329,0.047,1.40358305023392e-19,3,DCK
13014,2.45883495964048e-21,0.65128425994696,0.516,0.152,4.22821259659777e-17,3,CBX5
12898,6.9120846588788e-43,0.649794456365481,0.368,0.014,1.1886020779408e-38,3,NCAPH
13057,5.58431234610812e-18,0.649615287942947,0.619,0.264,9.60278351036753e-14,3,CTCF
12907,4.75390900863541e-40,0.647778893982765,0.4,0.027,8.17482193124945e-36,3,FIGNL1
13008,6.77136549829797e-22,0.645628999323077,0.374,0.073,1.16440401108732e-17,3,PRIM1
12949,7.35495309591155e-29,0.645063185474083,0.381,0.046,1.26475773437295e-24,3,CHAF1A
12899,1.02367443595312e-42,0.642640391713457,0.374,0.015,1.76031056006498e-38,3,RAD51AP1
12921,7.56417570398241e-36,0.640417056699811,0.4,0.035,1.30073565405681e-31,3,MAD2L1
13640,2.57935157400494e-07,0.637252072087186,0.755,0.607,0.00443545296665889,3,STAT1
12905,1.63646704619495e-40,0.635572974988789,0.348,0.013,2.81406873263684e-36,3,BRIP1
12996,4.15403882745468e-23,0.634751861587853,0.355,0.055,7.14328516769107e-19,3,RCC1
12979,1.81986038011472e-24,0.633107116556671,0.387,0.064,3.12943190964527e-20,3,BRCA1
12965,6.55593420607651e-27,0.632583873037858,0.406,0.064,1.12735844607692e-22,3,PKMYT1
13084,9.55013732245289e-17,0.62869503399077,0.716,0.36,1.642241613969e-12,3,TAF15
13297,1.21319543734837e-10,0.627927533176797,0.677,0.448,2.08621087406425e-06,3,BUB3
13179,3.65048230660309e-13,0.627893667386777,0.858,0.595,6.27736937443468e-09,3,H2-Q4
13709,5.01333876288109e-07,0.62688118829624,0.529,0.343,0.00862093733665032,3,H1F0
12946,2.46061373243603e-29,0.6246600472091,0.335,0.03,4.23127137429699e-25,3,HIST2H2AC
13122,3.35254809672192e-15,0.622411284012974,0.794,0.458,5.76504170712302e-11,3,CSRP1
13093,2.47919211697858e-16,0.619258499336888,0.413,0.122,4.26321876435637e-12,3,RPA2
13116,1.76051379035852e-15,0.618485338191453,0.535,0.211,3.02737951390052e-11,3,ERI1
13061,9.47779405746461e-18,0.617854225220191,0.355,0.081,1.62980146612161e-13,3,REEP4
12972,1.31701863943344e-25,0.615019703153967,0.426,0.08,2.26474525236975e-21,3,LBR
13174,2.4552626845549e-13,0.613146969775534,0.594,0.29,4.2220697123606e-09,3,FZR1
12976,3.78196559191828e-25,0.612930572626108,0.381,0.059,6.50346803186268e-21,3,POLA1
13089,1.34864249720709e-16,0.612761151109144,0.439,0.139,2.31912563819731e-12,3,RFC4
13092,2.3509717718228e-16,0.611936215269332,0.529,0.201,4.04273105882649e-12,3,NUP85
13025,1.15641961217211e-20,0.611735277225033,0.394,0.086,1.98857916509116e-16,3,HAUS4
13023,9.48422387218665e-21,0.60849100112867,0.413,0.094,1.63090713706122e-16,3,PMF1
13684,3.75833848725631e-07,0.607794086442663,0.206,0.063,0.00646283886268595,3,GADD45G
13279,7.46953373685456e-11,0.604540154540717,0.91,0.803,1.28446102138951e-06,3,H2-Q7
12983,2.69628451565708e-24,0.603060095159307,0.432,0.086,4.63653085312392e-20,3,RFWD3
13182,4.31344539347103e-13,0.601608366107257,0.658,0.356,7.41740069861279e-09,3,RFC2
13138,1.27059912493307e-14,0.601565972646755,0.89,0.757,2.1849222552349e-10,3,HNRNPA1
13001,9.72805957978482e-23,0.600637962251236,0.484,0.124,1.6728371253398e-18,3,CNTLN
13385,2.54990565561967e-09,0.598635039414121,0.265,0.084,4.38481776540358e-05,3,CCND2
13185,4.97880521527673e-13,0.597359214580767,0.858,0.692,8.56155344818987e-09,3,SRSF3
13103,6.60229438354893e-16,0.592680503705365,0.342,0.086,1.13533054219507e-11,3,TUBG1
13052,3.64766463402491e-18,0.590683874998314,0.406,0.104,6.27252410466923e-14,3,CDKN2D
12903,1.48232296506438e-40,0.589831348404672,0.303,0.005,2.54900257072471e-36,3,ANLN
13021,4.38020915035666e-21,0.58961274802111,0.181,0.006,7.53220765495331e-17,3,HIST2H3B
13026,2.00739894849752e-20,0.588899514154481,0.445,0.113,3.45192323183634e-16,3,RPA1
13018,3.61945982927951e-21,0.587162679965949,0.581,0.199,6.22402312242904e-17,3,RANGAP1
17574,1.98877121694679e-76,2.73028412350653,0.822,0.099,3.41989098466169e-72,4,FABP1
17575,2.50520238943535e-68,2.3359400373379,0.924,0.276,4.30794602887304e-64,4,NCCRP1
17584,3.52743354990013e-48,1.95210330318133,0.907,0.269,6.06577473240826e-44,4,2610528A11RIK
17615,1.71158258064268e-28,1.93827445940927,0.585,0.131,2.94323740567315e-24,4,S100A3
17576,1.12987853228604e-64,1.9382325063712,0.898,0.241,1.94293912411908e-60,4,COL17A1
17585,6.16019367461514e-46,1.91516479576102,0.924,0.408,1.05930690428682e-41,4,CLIC3
17582,5.23735648426751e-51,1.81244163620443,0.669,0.102,9.00615821034641e-47,4,RBP1
17591,8.00392433543611e-44,1.78262378408329,0.915,0.411,1.37635482872159e-39,4,LY9
17586,2.45669921621061e-45,1.69032349358594,0.983,0.562,4.22453997219576e-41,4,CD7
17577,2.3147069401385e-54,1.64430060951974,0.949,0.344,3.98037005426217e-50,4,MPEG1
17579,1.41811390326824e-51,1.56732955846804,0.975,0.76,2.43858866806006e-47,4,MIF
17583,1.81752147523411e-49,1.55209707036257,0.873,0.371,3.12540992881257e-45,4,TPD52
17599,3.7725324120801e-34,1.54941725389436,0.305,0.006,6.48724673581294e-30,4,BHMT
17597,5.67874569604159e-36,1.53652773819657,0.72,0.179,9.76517109891311e-32,4,TDH
17593,1.29322440490246e-38,1.46257703852678,0.737,0.198,2.22382868667027e-34,4,PRR29
17589,2.48149396304407e-44,1.41073033638159,0.585,0.072,4.26717701885058e-40,4,SEPT4
17588,8.65501272287183e-45,1.39422186726281,0.78,0.174,1.48831598782504e-40,4,CLEC4A4
17580,2.63092651093044e-51,1.39123969315262,0.992,0.867,4.52414122819599e-47,4,LTB
17596,2.35200814726811e-36,1.32785660679225,0.941,0.564,4.04451321004224e-32,4,CIB1
17598,7.57033690600225e-36,1.30881698759177,0.763,0.272,1.30179513435615e-31,4,RORC
17687,7.32946688145705e-17,1.29174764605589,0.788,0.435,1.26037512493535e-12,4,CCRL2
17595,3.33963201915644e-37,1.28458093371677,0.932,0.626,5.74283122014142e-33,4,PRDX5
17592,1.76053249925009e-39,1.28193697517462,0.873,0.308,3.02741168571045e-35,4,RAMP1
17590,3.11647082705104e-44,1.26322245004961,0.627,0.075,5.35908323419697e-40,4,CD247
17607,2.62201935262002e-30,1.22611384836837,0.898,0.454,4.50882447876538e-26,4,AC149090.1
17581,4.47374105147083e-51,1.22521327643765,0.975,0.891,7.69304511210925e-47,4,TMBIM6
17613,1.9479140727681e-29,1.21881080596412,0.669,0.167,3.34963303953202e-25,4,RAB38
17606,1.16569807794371e-30,1.21626482275053,0.763,0.261,2.004534414832e-26,4,PLD4
17684,3.41231909574286e-17,1.21622083451125,0.797,0.48,5.86782391703942e-13,4,LGALS1
17616,2.63183434598782e-28,1.20092640485649,0.856,0.439,4.52570234136066e-24,4,NCOA7
17658,6.6823989393864e-20,1.18827813471989,0.602,0.203,1.14910532161689e-15,4,IGKC
17623,1.63951913894533e-26,1.15073528973647,0.788,0.42,2.8193171113304e-22,4,MED30
17670,2.2635090268219e-18,1.11039170922152,0.407,0.083,3.89233012252294e-14,4,KRT8
17604,2.71838119329542e-31,1.0829924831813,1,0.969,4.67452829999081e-27,4,H2AFZ
17704,1.32551730056506e-15,1.08174167406959,0.746,0.391,2.27935955005168e-11,4,AHCYL2
17618,1.312035140884e-27,1.06768551528416,0.932,0.5,2.25617562826412e-23,4,S100A10
17619,2.8247439675381e-27,1.06753476645652,0.627,0.164,4.85742972657852e-23,4,AHCY
17751,6.61406999460491e-14,1.06227066026352,0.153,0.01,1.13735547627226e-09,4,GRIFIN
17609,5.24716266549136e-30,1.06204590980248,0.958,0.702,9.02302091957895e-26,4,TALDO1
17631,1.67474573405468e-24,1.06031430734444,0.881,0.554,2.87989276428042e-20,4,CYB5R3
17626,1.47204176450511e-25,1.05781053559825,0.856,0.441,2.53132301824298e-21,4,PTPN18
17634,1.09153683933048e-23,1.04725705478563,0.602,0.167,1.87700674891269e-19,4,TNNI2
17594,2.88817006840447e-38,1.04598983688852,1,0.999,4.96649724962833e-34,4,FTH1
17739,2.58988541450189e-14,1.0184922642578,0.831,0.491,4.45356695877745e-10,4,CFP
17601,7.85629554904293e-34,1.01270008323763,0.678,0.148,1.35096858261342e-29,4,PRDM16
17648,2.19306296812874e-21,1.00641892327999,0.551,0.142,3.77119107999418e-17,4,ACKR3
17638,3.00992725685098e-23,0.994516888456658,0.814,0.382,5.17587091088094e-19,4,IDH2
17621,1.38908092239867e-26,0.984575585314896,0.898,0.466,2.38866355415675e-22,4,PEPD
17639,4.10152542657742e-23,0.984388094102503,0.924,0.648,7.05298312354253e-19,4,BST2
17702,7.77658239229839e-16,0.962174862668005,0.754,0.465,1.33726110817963e-11,4,ZYX
17611,1.7382910577343e-29,0.959842046402615,0.559,0.104,2.98916530287989e-25,4,TMEM154
17663,3.35220157843486e-19,0.956229172858054,0.873,0.541,5.76444583427659e-15,4,PRDX6
17637,2.99054167135499e-23,0.953178131573017,0.525,0.117,5.14253545806203e-19,4,GM6377
17602,2.83898313748157e-32,0.938154054953415,0.975,0.962,4.88191540321331e-28,4,GPX4
17625,1.2944509005932e-25,0.929531305211917,0.551,0.115,2.22593776866006e-21,4,CLEC4A1
17628,4.83917246457362e-25,0.926146416374468,0.78,0.296,8.3214409700808e-21,4,FAM105A
17629,8.14428046155481e-25,0.925722259281353,0.788,0.327,1.40049046816897e-20,4,CD68
17640,4.96122712041685e-23,0.923547788835306,0.525,0.119,8.53132615626881e-19,4,RRAGD
17771,2.94476377997653e-13,0.915770187445843,0.203,0.021,5.06381579604765e-09,4,PGAM2
17614,3.8481954640442e-29,0.906338193589925,0.322,0.016,6.6173569199704e-25,4,AC140186.1
17683,2.63991849603489e-17,0.903408357957996,0.839,0.511,4.53960384578159e-13,4,PRKCD
17605,4.69022687055146e-31,0.901020420326849,0.39,0.028,8.06531412660029e-27,4,CLEC4A3
17749,5.88740607427049e-14,0.897306409493034,0.5,0.2,1.01239834853155e-09,4,BRD1
17995,1.69618794474905e-08,0.893549479714534,0.508,0.275,0.000291676478979047,4,LGALS3
17654,2.4564162409098e-20,0.87471840075473,0.602,0.188,4.2240533678685e-16,4,2900052N01RIK
17630,1.22619855585462e-24,0.870538770924208,1,0.914,2.1085710366476e-20,4,CST3
17672,5.61986896849858e-18,0.86197019561799,0.568,0.184,9.66392667823017e-14,4,LPIN1
17608,3.79004268199458e-30,0.857969967306572,1,0.878,6.51735739595787e-26,4,UBL5
17708,1.89944778420848e-15,0.838669963749538,0.568,0.226,3.26629040972491e-11,4,DNAJC9
17651,6.48204725416635e-21,0.833696526911143,0.89,0.584,1.11465284582645e-16,4,DNMT3A
17741,2.79346571912358e-14,0.83358747989105,0.636,0.284,4.80364365060492e-10,4,CTSL
17660,9.82167491094283e-20,0.819973137201083,0.644,0.219,1.68893521768573e-15,4,CITED4
17669,2.04138501516902e-18,0.799158816344093,1,0.968,3.51036567208465e-14,4,GPX1
17610,5.3770308453195e-30,0.795987013784489,0.466,0.06,9.24634224161141e-26,4,TJP3
17642,3.63765846480436e-22,0.784397059900178,0.542,0.131,6.25531749607758e-18,4,TEP1
17733,1.00502721972808e-14,0.775911220498724,0.61,0.291,1.72824480704441e-10,4,ACOT7
17762,1.76954316735135e-13,0.767265078301723,0.831,0.587,3.04290643057738e-09,4,PSMB7
17833,3.50542533648347e-11,0.766185355343258,0.636,0.359,6.02792940861698e-07,4,PAPSS2
17707,1.68824144908845e-15,0.764908413496324,0.771,0.427,2.90309999585249e-11,4,ECH1
17711,2.21865936270168e-15,0.762953382207372,0.729,0.352,3.8152066401018e-11,4,SEPT11
17892,4.35822438402939e-10,0.758440935598484,0.805,0.522,7.49440265077694e-06,4,AHNAK
17712,2.37068329014339e-15,0.757751425486011,0.805,0.46,4.07662698573058e-11,4,ARPC5L
17693,3.44785655200432e-16,0.753255172803027,0.568,0.206,5.92893412682663e-12,4,AKR7A5
17650,5.87972370215839e-21,0.752659225857489,0.508,0.129,1.01107728782316e-16,4,LAP3
17674,6.63833130365764e-18,0.745859803437915,0.508,0.143,1.14152745097697e-13,4,CASP6
17636,2.56684306204556e-23,0.745781194001922,0.466,0.083,4.41394332949354e-19,4,1110008L16RIK
17713,2.50786874719753e-15,0.74495005010063,0.924,0.722,4.31253109768087e-11,4,D8ERTD738E
17646,1.70871899372492e-21,0.744916077603242,0.381,0.063,2.93831318160937e-17,4,POC1A
17861,1.09502803165019e-10,0.740100976608429,0.78,0.551,1.88301020322567e-06,4,NDUFA1
17644,1.5751369384132e-21,0.737183426939867,0.475,0.098,2.70860547929535e-17,4,PIK3R6
17732,8.75870557961383e-15,0.734529520062368,0.61,0.244,1.50614701147039e-10,4,ADGRE5
17731,7.81979543013725e-15,0.728665914501399,0.5,0.162,1.3446920221664e-10,4,NMRK1
17664,7.42184258679384e-19,0.728404598516335,0.958,0.814,1.27626005122507e-14,4,NAPSA
17681,1.73866461397592e-17,0.728001827837438,0.619,0.221,2.989807670193e-13,4,CNP
17768,2.34657076802812e-13,0.722077384003554,0.881,0.596,4.03516309270116e-09,4,PPDPF
17632,4.16536073871986e-24,0.720442864141602,0.449,0.072,7.16275432630268e-20,4,SORCS2
17723,4.63991097123326e-15,0.715329534797017,0.78,0.432,7.97879090613271e-11,4,SNX10
17678,1.16847576824129e-17,0.712116983833781,0.525,0.153,2.00931093106773e-13,4,TLR12
17722,4.29890146344436e-15,0.709685476074905,0.746,0.377,7.39239095653893e-11,4,TRIOBP
17661,1.15011711750439e-19,0.704232796164215,0.788,0.348,1.97774139526055e-15,4,RHOC
17686,5.71870672145058e-17,0.703058295511332,0.864,0.51,9.83388807820642e-13,4,SKAP2
17811,8.32560225903413e-12,0.701838326998641,0.263,0.05,1.43167056446351e-07,4,FCER2A
17692,3.33122591597206e-16,0.7005006332098,0.373,0.077,5.72837608510556e-12,4,NR1D1
17837,4.2407057188799e-11,0.698211822019031,0.669,0.365,7.29231755418587e-07,4,TCTEX1D2
17888,3.4416559116469e-10,0.697970801735379,0.585,0.292,5.91827150566802e-06,4,CYTH4
17688,1.18917663209729e-16,0.696645273229175,0.932,0.778,2.04490813655451e-12,4,M6PR
17798,3.6436894823561e-12,0.694215118278138,0.508,0.193,6.26568843385955e-08,4,IL1R2
17753,8.24517774738132e-14,0.69129800405825,0.949,0.78,1.41784076543969e-09,4,SPI1
17729,6.24014077934002e-15,0.691215189756297,0.966,0.769,1.07305460841531e-10,4,CYTIP
17724,5.20070146367828e-15,0.689274308856198,0.483,0.147,8.94312623694117e-11,4,GPM6B
17667,1.25448100592037e-18,0.688045183899259,0.424,0.088,2.15720553778067e-14,4,WDR95
17701,7.3216092392611e-16,0.681458073091294,0.551,0.192,1.25902392478334e-11,4,PPM1M
17917,1.10959733452528e-09,0.677548485675165,0.72,0.432,1.90806357644967e-05,4,MAP3K8
17852,9.07624576438006e-11,0.676337541433077,0.602,0.299,1.56075122164279e-06,4,DDHD1
17797,3.51750688456604e-12,0.670139737566873,0.771,0.443,6.04870483869977e-08,4,RBL2
17785,1.80686898349251e-12,0.668020992056416,0.729,0.408,3.10709190401372e-08,4,PDE6D
17709,2.07995082286575e-15,0.66601292603141,0.932,0.694,3.57668343499994e-11,4,GABARAPL2
17876,1.97808264610157e-10,0.663240704267231,0.551,0.252,3.40151091823625e-06,4,D16ERTD472E
17794,3.23773639611914e-12,0.660486931549872,0.915,0.74,5.56761150676648e-08,4,CD82
17765,2.06809501282679e-13,0.660161773011353,0.797,0.461,3.55629618405694e-09,4,SHTN1
17988,1.50683429344391e-08,0.660115432823075,0.398,0.155,0.000259115225100614,4,CKB
17675,9.02420861829227e-18,0.65757698335861,0.585,0.194,1.55180291400154e-13,4,WLS
17884,2.86174552461929e-10,0.654210190879786,0.839,0.592,4.92105760413533e-06,4,EPRS
17863,1.12952730864915e-10,0.652767243700145,0.72,0.401,1.94233515995308e-06,4,NR4A3
17779,8.04006241199935e-13,0.650902631791556,0.966,0.782,1.38256913236741e-08,4,EFHD2
17773,3.79079764855845e-13,0.650260832608138,0.525,0.2,6.51865563646111e-09,4,SMPDL3A
17742,2.94204044604025e-14,0.649947326738865,0.805,0.461,5.05913275101082e-10,4,MPC2
17829,3.03853277522974e-11,0.649322031213229,0.669,0.36,5.22506096028505e-07,4,BSDC1
17657,4.16942243815909e-20,0.64893867209798,0.322,0.037,7.16973882465837e-16,4,BLK
17734,1.51712246290953e-14,0.642952281503568,0.458,0.136,2.60884378721923e-10,4,MATK
17718,3.60254567211427e-15,0.640907940502385,0.644,0.266,6.1949375377677e-11,4,MYO1E
17777,6.76364732167229e-13,0.638051469929291,0.915,0.633,1.16307679343477e-08,4,TXNRD1
17796,3.44477775145228e-12,0.631445066125858,0.602,0.276,5.92363982139734e-08,4,SNX11
17790,2.41477227856631e-12,0.626478130420754,0.822,0.511,4.15244241022262e-08,4,LST1
17776,5.51318785915136e-13,0.626447369406757,0.644,0.299,9.48047784259668e-09,4,RGS12
17752,7.31835186647255e-14,0.622242369624612,0.559,0.212,1.25846378695862e-09,4,SEMA4D
17767,2.19405525668258e-13,0.618993294400288,0.788,0.44,3.77289741939137e-09,4,SLC46A3
17823,1.47903245761019e-11,0.61838211862546,0.754,0.429,2.54334421410648e-07,4,MAFF
17740,2.6306131681012e-14,0.618005308964326,0.551,0.201,4.52360240386682e-10,4,FOXS1
17745,3.94576579570575e-14,0.614105427043294,0.754,0.384,6.78513886229561e-10,4,MARC2
17813,8.55626286153171e-12,0.603111996939017,0.975,0.777,1.47133496166899e-07,4,FOSB
17915,1.06560990468346e-09,0.601924316083316,0.712,0.424,1.83242279209368e-05,4,STK11
17858,1.06736931278203e-10,0.59707383716149,0.754,0.465,1.83544827025997e-06,4,SLC9A3R1
17909,8.1283762801752e-10,0.587179229786795,0.712,0.405,1.39775558513893e-05,4,PGLYRP1
21031,9.6776799719425e-50,4.57147548016824,0.469,0.012,1.66417384797523e-45,5,IL22
21006,1.83459733179391e-137,3.44365077060988,0.98,0.425,3.1547735717528e-133,5,ODC1
21008,1.0188195512322e-93,2.88707955607404,0.99,0.482,1.75196210029888e-89,5,LY6E
21017,2.79061102073251e-64,2.74317914644928,0.888,0.564,4.79873471125162e-60,5,DNAJB1
21015,7.83261235736373e-76,2.70990062204474,0.949,0.505,1.34689602097227e-71,5,S100A10
21011,6.64301666004031e-87,2.65263602423533,0.847,0.146,1.14233314486053e-82,5,EMB
21007,3.27453332026235e-96,2.62402904722054,1,0.791,5.63088749752314e-92,5,DNAJA1
21055,8.08840451453431e-39,2.54299058887,0.541,0.11,1.39088204031932e-34,5,RGCC
21009,1.73090449095358e-90,2.43878986216319,0.929,0.371,2.97646336264378e-86,5,IL7R
21023,4.18881832125893e-57,2.38316000630123,0.776,0.13,7.20309198523685e-53,5,CKB
21050,5.73930959906117e-40,2.37434107768829,0.408,0.017,9.86931678654559e-36,5,LY6A
21010,4.10886915372979e-87,2.34867214283718,0.939,0.464,7.06561139675376e-83,5,SHISA5
21025,2.24829921856865e-56,2.23000575645377,0.724,0.214,3.86617533625065e-52,5,CEBPB
21014,1.83691677861515e-76,2.18608755285475,0.735,0.231,3.15876209250662e-72,5,SPTSSA
21073,2.94704662532782e-35,2.17445938730975,0.898,0.553,5.06774137691372e-31,5,HSPA1B
21124,5.7789867712083e-27,2.14548532543418,0.643,0.276,9.93754565176979e-23,5,RASL11A
21040,5.88657559793352e-43,2.12736523932087,0.612,0.256,1.01225553982065e-38,5,CD69
21103,2.30178222680467e-29,2.0424454728137,0.888,0.68,3.95814471721332e-25,5,HSPA1A
21035,6.24411017874567e-46,2.04111972694941,0.673,0.14,1.07373718633711e-41,5,ERN1
21016,7.49696544300985e-71,2.02380117646833,0.755,0.38,1.28917817757997e-66,5,IFNGR1
21153,1.41372782319616e-23,1.99828689783806,0.673,0.264,2.43104636476812e-19,5,PHLDA1
21048,8.61690332589799e-41,1.94359059686121,0.633,0.227,1.48176269592142e-36,5,CITED4
21114,1.28002404210844e-27,1.92712081779836,0.296,0.016,2.20112934280967e-23,5,TNFSF11
21021,7.44507712757224e-60,1.90935405616015,0.704,0.16,1.28025546285732e-55,5,PTPRCAP
21030,9.73663206467633e-51,1.88802432881892,0.622,0.053,1.67431124984174e-46,5,MS4A4C
21032,1.62123239360008e-49,1.88204861834895,0.551,0.116,2.78787122403469e-45,5,LMO4
21071,7.74181710122526e-36,1.87873301992476,0.857,0.658,1.3312828687267e-31,5,GEM
21314,1.0507955353235e-14,1.82610653725157,0.357,0.14,1.80694800254229e-10,5,AREG
21024,1.31044473931928e-56,1.80554974107257,0.643,0.046,2.25344077373343e-52,5,SELENOP
21067,3.60638394811447e-37,1.78824757320575,0.735,0.306,6.20153783717764e-33,5,PXDC1
21028,5.72015570078612e-52,1.78722382262756,0.551,0.033,9.83637974307181e-48,5,IL2RB
21044,2.34230014091386e-42,1.78040783263689,0.959,0.747,4.02781932231547e-38,5,NR4A1
21062,1.08713005555988e-37,1.74808700181322,0.643,0.166,1.86942884354077e-33,5,ASB2
21053,1.26550103646058e-39,1.74751562163837,0.541,0.121,2.17615558229762e-35,5,NEURL3
21492,2.6215597477517e-11,1.73871669827441,0.367,0.23,4.50803414223382e-07,5,CXCL10
21061,6.57338650479099e-38,1.73453457317809,0.878,0.465,1.13035954336386e-33,5,HSPH1
21029,3.06648282089033e-51,1.72007621241788,0.469,0.006,5.27312385880302e-47,5,CXCR6
21064,1.18520410763213e-37,1.69450269936246,0.469,0.078,2.03807698348421e-33,5,CCDC184
21172,7.65961589188023e-22,1.67723839309848,0.694,0.349,1.31714754876772e-17,5,BMP2
21039,2.61432024144212e-43,1.66626938686517,0.959,0.912,4.49558508718387e-39,5,UBC
21038,2.30421412446472e-43,1.66144857700476,0.673,0.274,3.96232660842953e-39,5,FXYD5
21080,5.71688095471633e-34,1.63008428951293,0.908,0.7,9.83074848973021e-30,5,HSPD1
21058,2.21719155598419e-38,1.59522443696512,0.5,0.083,3.81268259967042e-34,5,KLRB1F
21042,7.17291922473287e-43,1.59458506002842,0.735,0.206,1.23345518988506e-38,5,IFI203
21081,6.7195495445802e-34,1.5922180843915,0.367,0.012,1.15549373968601e-29,5,TRBC2
21056,1.33034933442488e-38,1.58701974083906,0.429,0.019,2.28766871547702e-34,5,DLL1
21052,1.24442432721506e-39,1.56461600146642,0.531,0.06,2.13991207307902e-35,5,BATF
21041,6.49078361298784e-43,1.559662568143,0.969,0.841,1.11615515008939e-38,5,BTG2
21043,1.76013624627798e-42,1.53231096872271,0.99,0.961,3.02673028909961e-38,5,JUNB
21167,1.38414823596056e-22,1.52743611476773,0.653,0.359,2.38018130655779e-18,5,VPS37B
21100,9.0974975537787e-30,1.48931512334267,0.684,0.39,1.56440567934778e-25,5,FAM110A
21022,1.28592595069305e-57,1.47968434292845,0.99,0.935,2.21127826481177e-53,5,ITM2B
21059,3.46098867149547e-38,1.43517371742976,1,0.996,5.95151611950361e-34,5,TMSB10
21068,6.01087326130075e-37,1.42205987476889,1,0.868,1.03362976601328e-32,5,LTB
21099,3.74257878963274e-30,1.42084298678732,0.827,0.447,6.43573848665246e-26,5,NCOA7
21069,1.91685094080342e-36,1.4181521339426,0.592,0.167,3.29621687780557e-32,5,ETS1
21094,7.48879074742502e-31,1.41530771445351,0.531,0.115,1.28777245692721e-26,5,CD53
21046,7.37625814561119e-42,1.38533190445696,0.49,0.104,1.2684213507193e-37,5,TNFRSF25
21111,6.3017967902723e-28,1.38473097017581,0.357,0.023,1.08365697605522e-23,5,CD4
21037,1.76156275675575e-43,1.3846855949851,0.724,0.409,3.02918331651719e-39,5,SPPL2A
21026,6.6365582269548e-55,1.38375133934872,1,0.998,1.14122255270715e-50,5,UBB
21047,2.48600009604411e-41,1.36445102119242,0.735,0.366,4.27492576515745e-37,5,TM9SF2
21091,1.8672325800384e-31,1.34400968504552,0.969,0.739,3.21089314463403e-27,5,CD82
21045,6.20254268430029e-42,1.34165973254539,0.735,0.407,1.06658923999228e-37,5,SPCS2
21144,3.79797249414592e-24,1.34156085846093,1,0.903,6.53099350093333e-20,5,JUN
21078,1.4761996977578e-34,1.33178256421176,0.439,0.112,2.53847300026432e-30,5,RORA
21106,6.78612574006136e-29,1.29943931167966,0.408,0.043,1.16694218226095e-24,5,BCL2
21264,2.03049143113524e-16,1.29795625107957,0.398,0.196,3.49163306498016e-12,5,DDIT4
21206,3.49377315102086e-19,1.29377773698821,0.52,0.164,6.00789231049548e-15,5,LMNA
21132,5.25478679300237e-26,1.29098823626283,0.449,0.092,9.03613136924687e-22,5,GIMAP6
21122,3.14062844797796e-27,1.28999368166985,0.561,0.231,5.40062467914289e-23,5,CNP
21208,5.86677278125493e-19,1.28276343895311,0.52,0.225,1.0088502474646e-14,5,SOCS3
21123,3.71251165270687e-27,1.27599301693959,0.378,0.055,6.38403503799473e-23,5,PIWIL4
21198,1.47245019134526e-19,1.25937088417983,0.694,0.553,2.5320253490373e-15,5,SDC4
21109,2.54861534327865e-28,1.24525883717308,0.49,0.178,4.38259894430197e-24,5,DGAT1
21166,1.22697012203888e-22,1.24377803504359,0.673,0.358,2.10989782185806e-18,5,MNDAL
21087,7.44362807382666e-33,1.23110871905816,0.612,0.274,1.28000628357523e-28,5,YPEL3
21060,5.80301878352006e-38,1.22813530273263,0.888,0.776,9.9788711001411e-34,5,GM8797
21077,1.21081545729095e-34,1.19385190665408,0.786,0.59,2.08211826035752e-30,5,SERP1
21143,2.35984266959367e-24,1.18272192421085,0.367,0.048,4.05798545463327e-20,5,LILRB4A
21178,2.92771167973996e-21,1.1781670387059,0.316,0.034,5.03449300448083e-17,5,ITK
21130,3.47550290972988e-26,1.17744088918077,0.398,0.064,5.97647480357151e-22,5,KLRB1B
21120,2.6712148082715e-27,1.17697904943901,1,0.991,4.59342098430367e-23,5,HSPA8
21104,3.07862339943794e-29,1.17654304176303,0.388,0.069,5.29400079767348e-25,5,XLR4B
21085,4.42976547058189e-33,1.17351679019305,0.684,0.469,7.61742470321261e-29,5,RWDD1
21155,2.56350886110409e-23,1.15312786913285,0.531,0.405,4.40820983755459e-19,5,FDX1
21234,1.25485422704102e-17,1.153021854788,0.51,0.256,2.15784732881974e-13,5,ZFP36L2
21210,9.69018717273977e-19,1.15092089270052,0.98,0.935,1.66632458622433e-14,5,HSP90AA1
21133,8.8901257844725e-26,1.13330728615731,0.908,0.832,1.52874602989789e-21,5,JUND
21134,9.58113428769674e-26,1.12510569862135,0.429,0.093,1.64757185211233e-21,5,TXK
21159,5.2851910278459e-23,1.11151122991912,0.786,0.673,9.08841449148381e-19,5,SARAF
21267,2.74373148904293e-16,1.1097958004116,0.694,0.518,4.71812066855823e-12,5,RGS2
21591,3.32130433172305e-10,1.0977569416013,0.388,0.214,5.71131492883096e-06,5,ISG15
21148,5.24774473381384e-24,1.09035394949663,0.643,0.366,9.02402184426627e-20,5,CLDND1
21137,6.0740385865278e-25,1.08901817851902,0.398,0.106,1.04449167533932e-20,5,XLR4A
21275,7.84547340816311e-16,1.08898701487017,0.235,0.078,1.34910760726773e-11,5,DGAT2
21279,1.04901821918377e-15,1.08869784956114,0.347,0.2,1.80389172970841e-11,5,VEGFA
21343,5.88994917353706e-14,1.08847462998892,0.939,0.948,1.01283565988143e-09,5,HSPE1
21051,7.97341861390691e-40,1.08230359866784,1,0.998,1.37110906484743e-35,5,HSP90AB1
21695,1.775799443825e-09,1.08167362460134,0.541,0.352,3.05366472360147e-05,5,CITED2
21089,1.80823749980978e-32,1.07471216884729,0.357,0.016,3.1094452046729e-28,5,PODNL1
21107,8.83506512467466e-29,1.0497542230118,0.296,0.006,1.51927779883906e-24,5,ARHGEF26
21084,1.16351851309531e-33,1.0492507607898,0.316,0.005,2.0007864351187e-29,5,ECM1
21207,4.61291396189113e-19,1.02836444204416,0.408,0.12,7.93236684886798e-15,5,SLC6A13
21790,6.44352898508377e-09,1.02703461328744,0.276,0.085,0.000110802924427501,5,THY1
21282,1.28470412227874e-15,1.02226272803738,0.673,0.476,2.20917720867052e-11,5,SERPINA3G
21125,6.12805262883652e-27,1.01933539079614,0.929,0.854,1.05377993005473e-22,5,IL2RG
21093,5.62817620363698e-31,1.0067353584384,0.316,0.009,9.67821179977414e-27,5,LAT
21101,1.17676331987542e-29,1.00243375560584,0.296,0.009,2.02356220485777e-25,5,F2R
21141,1.55238522493023e-24,0.9982347712062,0.408,0.06,2.66948163279003e-20,5,GIMAP1
21181,5.48893677487851e-21,0.988078909521857,0.286,0.041,9.43877567808109e-17,5,GIMAP5
21368,3.0935830403275e-13,0.985284772974465,0.48,0.243,5.31972539614717e-09,5,IL18R1
21235,1.3884226975776e-17,0.983252654722023,0.653,0.389,2.38753167075443e-13,5,ATP2B1
21400,1.05904202935615e-12,0.979611900769629,0.469,0.321,1.82112867368084e-08,5,CWC25
21183,9.56299799810686e-21,0.977455105457261,0.429,0.09,1.64445313575446e-16,5,EVL
21110,5.60225470626208e-28,0.977422583024828,0.286,0.006,9.63363719288827e-24,5,CLNK
21113,1.0059528419536e-27,0.975953535016728,0.592,0.418,1.72983650702341e-23,5,DNAJC3
21140,1.02133500513201e-24,0.966534098798585,0.52,0.328,1.75628767482501e-20,5,CDK2AP2
21268,2.86904984147371e-16,0.962892628633071,0.561,0.401,4.9336181073982e-12,5,UHRF2
21149,6.16487154417923e-24,0.962102407863403,0.796,0.562,1.06011131073706e-19,5,NCOR1
21215,1.40210571647243e-18,0.960873958073164,0.5,0.252,2.41106099004599e-14,5,VARS
21411,1.76550072501036e-12,0.959847000559337,0.255,0.047,3.03595504672782e-08,5,DNAJA4
21348,7.58603941278465e-14,0.946844364124532,0.429,0.325,1.30449533742245e-09,5,TIPARP
21218,1.88432032841596e-18,0.942368486794509,0.306,0.075,3.24027723674409e-14,5,CHN2
21182,8.99942517441428e-21,0.942270464651277,0.347,0.051,1.54754115299228e-16,5,LPXN
21177,2.04973877375192e-21,0.93798175848695,0.612,0.512,3.5247307953438e-17,5,CACYBP
21512,4.63553448001829e-11,0.935498264293719,0.561,0.491,7.97126509183944e-07,5,CSRP1
21184,9.57830008429752e-21,0.930378537907874,0.49,0.244,1.6470844824958e-16,5,XBP1
21221,2.34061124128904e-18,0.924590423338498,0.194,0.005,4.02491509052063e-14,5,TNFSF8
21582,2.5755117605493e-10,0.919770079981684,0.153,0.021,4.42885002344058e-06,5,KLRK1
22285,5.75472675132709e-07,0.918044709891383,0.194,0.108,0.00989582812158206,5,BAG3
21212,1.06520327093038e-18,0.912138337052209,0.306,0.167,1.83172354469189e-14,5,CHMP1B
21174,1.11565463379301e-21,0.911884738397055,0.378,0.08,1.91847970827046e-17,5,SNX18
21189,1.3908819620242e-20,0.910393766621555,0.296,0.042,2.39176062189682e-16,5,KCNK1
21296,3.277262441965e-15,0.899260363304667,0.214,0.016,5.63558049520302e-11,5,IGFBP4
21256,1.51120385428584e-16,0.896842210393799,0.306,0.101,2.59866614782993e-12,5,SESN1
21384,6.2260228945454e-13,0.89610125098698,0.745,0.478,1.07062689694603e-08,5,CCR6
21308,8.13286443988152e-15,0.894966600162146,0.357,0.09,1.39852736908203e-10,5,NEBL
21563,1.74241821629812e-10,0.894954530699763,0.551,0.384,2.99626236474625e-06,5,FOSL2
21542,1.12002726614478e-10,0.87990726342192,0.204,0.024,1.92599888686256e-06,5,LTA
21187,1.2564415153479e-20,0.873535537600575,0.276,0.049,2.16057682979225e-16,5,BIK
21135,1.79208464498462e-25,0.873139535164067,0.276,0.012,3.08166875551556e-21,5,JAKMIP1
21199,1.52386664785655e-19,0.872333940821556,0.337,0.039,2.62044108765413e-15,5,MAF
21441,5.81653062162272e-12,0.869845821476819,0.796,0.718,1.00021060569424e-07,5,IER2
21424,3.38017370979173e-12,0.861039800422372,0.378,0.152,5.81254671135785e-08,5,CX3CL1
21197,1.44433042370243e-19,0.861007162595092,0.306,0.051,2.48367059659869e-15,5,GDPD5
21300,4.66010648399475e-15,0.859321804139313,0.49,0.267,8.01351910987737e-11,5,ITGB7
21242,3.03230378405649e-17,0.858463052813302,0.327,0.078,5.21434958706354e-13,5,EEF2K
21169,2.99280261886961e-22,0.857436064689583,0.633,0.548,5.14642338340818e-18,5,H2AFY
21253,9.87665185046492e-17,0.855749886351301,0.327,0.084,1.69838905220595e-12,5,TNFAIP8L2
21292,2.01314915141624e-15,0.8554301958029,0.418,0.146,3.46181128077536e-11,5,ARID5A
21482,1.89647900583324e-11,0.852053909154854,0.408,0.215,3.26118529843084e-07,5,STAP1
21501,3.23422808299687e-11,0.85056977370569,0.357,0.108,5.56157861152142e-07,5,GPR171
21263,1.98768893979084e-16,0.848331055092047,0.367,0.147,3.41802990086432e-12,5,PLCB4
21269,3.09140121910294e-16,0.843735135774239,0.398,0.15,5.31597353636942e-12,5,TPST2
21273,5.27408452615523e-16,0.841308937109392,0.245,0.087,9.06931575117654e-12,5,IMPA2
21365,2.2118220423911e-13,0.838463130126921,0.796,0.659,3.80344918409573e-09,5,ENO1
22082,1.63736066961739e-07,0.835136207971682,0.469,0.586,0.00281560540747406,5,RRAD
21449,7.33679050051978e-12,0.833018615517334,0.316,0.088,1.26163449446938e-07,5,CCND2
21923,3.44980909735947e-08,0.832568269121384,0.929,0.86,0.000593229172381934,5,DUSP1
21674,1.47923142155554e-09,0.829488864228702,1,0.947,2.54368635250691e-05,5,FOS
21305,6.7580756626397e-15,0.828791286803038,0.214,0.044,1.16211869094752e-10,5,CISH
21850,1.53128381758652e-08,0.828233085470906,0.449,0.228,0.000263319565272178,5,PRR29
21158,3.1385626175531e-23,0.823104373267839,0.255,0.011,5.39707227714431e-19,5,SLCO3A1
21251,8.3408699694952e-17,0.816758215621161,0.816,0.684,1.4342959999544e-12,5,PRRC2C
21216,1.52968815596355e-18,0.814200277362821,0.724,0.602,2.63045175299491e-14,5,JAK1
21794,6.63174230776472e-09,0.813862544440914,0.592,0.408,0.000114039440724322,5,AHCYL2
21435,4.98780640782499e-12,0.81206536629123,0.296,0.097,8.57703189889586e-08,5,GATA3
22102,1.83160532689843e-07,0.810644807032347,0.163,0.121,0.00314962852013454,5,CEBPD
21346,6.35553764922402e-14,0.803670282956056,0.265,0.055,1.09289825416056e-09,5,GIMAP8
21693,1.75657654195214e-09,0.797603258144695,0.735,0.458,3.0206090215409e-05,5,CD37
21196,1.01829783314354e-19,0.79466087705981,0.276,0.04,1.75106495387363e-15,5,RAB37
21233,1.19961834421842e-17,0.79361670738614,0.316,0.064,2.062863704718e-13,5,ACAP1
21200,1.561433891727e-19,0.78898614855671,0.571,0.437,2.68504172021376e-15,5,SNX1
21254,1.040094888843e-16,0.788714508363353,0.296,0.104,1.78854717085441e-12,5,TGFBR2
21165,1.05084125125288e-22,0.784563257987406,0.255,0.008,1.80702661565445e-18,5,ZAP70
21297,3.5796845525648e-15,0.782797864147338,0.337,0.125,6.15562555659044e-11,5,ABHD17B
21375,4.5031116563103e-13,0.779122531837992,0.806,0.61,7.7435508041912e-09,5,H2-Q4
21205,2.85331292974026e-19,0.775321094353817,0.357,0.098,4.90655691398135e-15,5,ABHD8
21341,4.86588439247895e-14,0.77421759902097,0.541,0.5,8.3673748013068e-10,5,CDK11B
21386,6.56637128162141e-13,0.772104344900837,0.265,0.056,1.12915320558762e-08,5,IL23R
21471,1.3004083832187e-11,0.770791824971739,0.653,0.433,2.23618225578287e-07,5,SIK1
21430,3.77686563406107e-12,0.770070033836492,0.439,0.235,6.49469814433141e-08,5,DGKD
21315,1.05706815999803e-14,0.763717472143793,0.306,0.117,1.81773440793262e-10,5,SNX9
21407,1.3526549804938e-12,0.763653388308595,0.357,0.097,2.32602550445713e-08,5,LCP2
21223,4.19942437988223e-18,0.762899507110213,0.235,0.022,7.22133016364548e-14,5,ITPR2
21312,9.66670924955538e-15,0.762441242487132,0.153,0.003,1.66228732255354e-10,5,GIMAP3
21317,1.10429051973863e-14,0.762204209290813,0.296,0.114,1.89893797774254e-10,5,KLF3
21204,2.81580449339017e-19,0.755928442862242,0.714,0.62,4.84205740683373e-15,5,NDFIP1
21765,5.16103676246769e-09,0.754708039434531,0.582,0.339,8.87491881673944e-05,5,RAMP1
21229,5.66353726276929e-18,0.754578357851128,0.439,0.283,9.73901867705807e-14,5,TAB2
21340,4.55153518797886e-14,0.749874348610738,0.745,0.627,7.82681990924845e-10,5,PPP1CC
21506,3.6189516294191e-11,0.745893875933552,0.224,0.037,6.22314922194908e-07,5,TOX
21335,3.43490229059441e-14,0.742319694561807,0.306,0.101,5.90665797890615e-10,5,DEF6
22059,1.39447305721129e-07,0.740389655370483,0.694,0.47,0.00239793586918053,5,CD81
21461,1.00705838350635e-11,0.736906217432097,0.898,0.823,1.73173759627752e-07,5,HSPA5
21480,1.58791496704687e-11,0.736275351808285,0.908,0.836,2.73057857733379e-07,5,RAC2
21391,8.6212498645901e-13,0.734931402233762,0.408,0.361,1.48251012671491e-08,5,TGFB1
21352,1.18873923775386e-13,0.734902513627063,0.51,0.369,2.04415599324154e-09,5,CRLF3
21283,1.33819095818236e-15,0.732781532533189,0.49,0.475,2.30115317169039e-11,5,NOP53
21534,8.44623895687856e-11,0.731674908814057,0.184,0.049,1.45241525102484e-06,5,TGTP2
21607,4.66139847732591e-10,0.730219984670889,0.296,0.1,8.01574082160964e-06,5,IRS2
21358,1.54307453006473e-13,0.726822397592867,0.378,0.198,2.65347096189931e-09,5,SPTBN1
21228,5.57052308161391e-18,0.721757327575229,0.255,0.023,9.57907149114328e-14,5,HCST
21758,4.85168654989827e-09,0.717297314383062,0.388,0.269,8.34296019120507e-05,5,D16ERTD472E
21392,9.01998443501316e-13,0.715984844854424,0.357,0.175,1.55107652344486e-08,5,CORO2A
22222,4.14717033213397e-07,0.711471016943416,0.837,0.659,0.00713147410313758,5,BST2
21518,5.13518538762775e-11,0.710889238401017,0.276,0.118,8.83046479256467e-07,5,IL1R1
21298,3.84799222009374e-15,0.709364577271747,0.173,0.007,6.6170074216732e-11,5,LINGO2
21519,5.47913263184557e-11,0.706014280967924,0.296,0.106,9.42191647372165e-07,5,UNC119
21553,1.46302721585925e-10,0.703969382581225,0.551,0.451,2.51582160039157e-06,5,STK17B
21245,5.81604863121458e-17,0.701228250821376,0.224,0.024,1.00012772262366e-12,5,LINGO4
21220,2.07665215409987e-18,0.695365523017795,0.98,0.958,3.57101104419013e-14,5,OAZ1
21241,2.77517076458817e-17,0.69150723332826,0.235,0.018,4.77218364678582e-13,5,IL16
21598,3.92287040702385e-10,0.690959864542458,0.204,0.039,6.74576795191821e-06,5,PTGER2
21295,3.1646603868966e-15,0.688939191475066,0.347,0.349,5.4419500013074e-11,5,PNP
21537,1.02405565897892e-10,0.688072311858739,0.316,0.071,1.76096611118016e-06,5,IL2RA
21388,7.23726050273361e-13,0.685713964664043,0.612,0.472,1.24451931605007e-08,5,SENP6
21525,6.09823388924874e-11,0.685201110670434,0.469,0.281,1.04865229959521e-06,5,RARG
21230,6.28431403369437e-18,0.684617762072342,0.204,0.01,1.08065064123408e-13,5,APOL7E
21360,1.6555913011298e-13,0.682065086952671,0.51,0.433,2.8469548014228e-09,5,AHSA1
21581,2.56451027931428e-10,0.682048156782944,0.918,0.829,4.40993187630883e-06,5,HSP90B1
22046,1.23666086857542e-07,0.680431727331257,0.388,0.309,0.00212656202960229,5,CTSL
21336,3.66821630928272e-14,0.678465948284984,0.398,0.254,6.30786476544257e-10,5,ADIPOR2
21217,1.65870152248186e-18,0.677958779063548,0.224,0.01,2.8523031380598e-14,5,SERINC2
21302,5.29596350528278e-15,0.676918381637171,0.224,0.038,9.10693884368427e-11,5,XLR4C
21986,7.03745274285432e-08,0.676855005870022,0.459,0.376,0.00121016037366123,5,NRIP1
21271,3.66055856591991e-16,0.674291295528748,0.224,0.027,6.29469650995588e-12,5,ARNT2
21431,4.07313302073945e-12,0.672306616559632,0.48,0.328,7.00415954246356e-08,5,LEPROTL1
21888,2.45021085115027e-08,0.668837175399853,0.184,0.065,0.000421338257963801,5,TRP53INP1
21436,5.02036121342753e-12,0.668094747441392,0.235,0.041,8.63301314260998e-08,5,FLI1
21545,1.1654667104219e-10,0.664592291463147,0.51,0.383,2.0041365552415e-06,5,SEPT1
21653,9.80519718832835e-10,0.664092341833846,0.816,0.745,1.68610170850494e-05,5,NFKBIE
21584,2.75906915973616e-10,0.663893968417447,0.531,0.501,4.74449532708231e-06,5,LRRFIP1
21367,2.84610179712313e-13,0.663160834556591,0.306,0.187,4.89415665033293e-09,5,FKBP2
21455,7.71760019183106e-12,0.662741817331111,0.276,0.084,1.32711852898727e-07,5,ARHGAP15
21477,1.46868683321473e-11,0.662164884465397,0.173,0.027,2.52555387839605e-07,5,ESPN
21546,1.19858304517397e-10,0.661574851711505,0.214,0.077,2.06108340448115e-06,5,ADGRG5
21364,2.05649354471906e-13,0.659523408862037,0.633,0.577,3.5363462994989e-09,5,CELF2
21547,1.28971094998846e-10,0.658222562126376,0.245,0.098,2.21778694960015e-06,5,PDCD4
21818,9.80667659104302e-09,0.65801405500108,0.622,0.472,0.000168635610659576,5,TGIF1
21509,3.89052944334445e-11,0.656418508468721,0.776,0.673,6.69015443077511e-07,5,TLN1
21219,2.04761609972681e-18,0.655824673171533,0.184,0.005,3.52108064509022e-14,5,PTPN7
21488,2.33848865795441e-11,0.654860501649426,0.173,0.021,4.0212650962184e-07,5,GSTP3
21286,1.46455031256558e-15,0.652870623989325,0.745,0.734,2.51844071748776e-11,5,PRKAR1A
21371,3.83947438346644e-13,0.651696268808999,0.276,0.122,6.60236014980888e-09,5,CASP4
21413,1.79072223134586e-12,0.651068610052441,0.235,0.055,3.07932594902234e-08,5,ITGAL
21527,6.36660664988865e-11,0.649705605681192,0.143,0.012,1.09480167951485e-06,5,TGM2
21715,2.50455069081497e-09,0.649012527547326,0.204,0.049,4.30682536792542e-05,5,STK10
21676,1.50076136563271e-09,0.648553491813437,0.214,0.09,2.58070924434201e-05,5,RNASEL
21147,4.98526022458149e-24,0.647819581846781,0.194,0,8.57265348219033e-20,5,CD160
21517,4.99567622146343e-11,0.644857254976928,0.673,0.576,8.59056483042852e-07,5,SSR2
21444,6.44181678241625e-12,0.644168679242175,0.255,0.09,1.1077348139043e-07,5,AGTRAP
21731,2.87012923129923e-09,0.641193574131313,0.49,0.338,4.93547422614215e-05,5,TBC1D10C
21777,5.69645944775454e-09,0.640030802495628,0.153,0.024,9.79563166635871e-05,5,LILR4B
21605,4.48864358637941e-10,0.636643662550777,0.255,0.108,7.71867151113803e-06,5,NUDT4
21247,6.40140864131077e-17,0.634256795782667,0.214,0.01,1.1007862299598e-12,5,PSD2
21399,1.02754194424948e-12,0.631301159056504,0.551,0.432,1.76696112733141e-08,5,PAIP2
21508,3.76467994068759e-11,0.630249621252061,0.224,0.053,6.47374362600638e-07,5,RASGRP1
21882,2.30935985822397e-08,0.630069391483814,0.184,0.044,0.000397117521220194,5,ITGB3
21353,1.21175495213489e-13,0.628083816769739,0.714,0.619,2.08373381569116e-09,5,TMEM59
21559,1.55713727426556e-10,0.626963073675224,0.224,0.048,2.67765325682705e-06,5,RASAL3
21732,2.89406051432129e-09,0.625989074669056,0.48,0.539,4.97662646042689e-05,5,ZFAND5
21556,1.51249409724079e-10,0.623126559223441,0.378,0.28,2.60088484961527e-06,5,CREM
21426,3.48767280955245e-12,0.620675970237764,0.184,0.071,5.99740216330639e-08,5,PIM2
21866,1.93184925744441e-08,0.619898887246626,0.551,0.494,0.000332200798310141,5,TOB2
21410,1.5699189826301e-12,0.61777786437712,0.296,0.149,2.69963268253071e-08,5,JAK3
21609,4.96184788354695e-10,0.616092177876937,0.276,0.132,8.53239362054734e-06,5,METTL26
21460,9.71871596460817e-12,0.613589934063342,0.959,0.917,1.67123039727402e-07,5,EDF1
21564,1.75315703641246e-10,0.613528080051589,0.224,0.07,3.01472883981487e-06,5,MAST4
21487,2.33441021967915e-11,0.61179522716962,0.286,0.095,4.01425181376026e-07,5,LGALS3BP
21293,2.22800666448747e-15,0.610690887355359,0.173,0.005,3.83128026025265e-11,5,AQP3
21958,5.10004571293611e-08,0.608949186716642,0.286,0.14,0.000877003860796494,5,DNAJB4
21366,2.5992971471683e-13,0.607793642682199,0.143,0.005,4.46975137427061e-09,5,FAM184B
21661,1.08829772672199e-09,0.607033525029558,0.786,0.84,1.87143677087113e-05,5,TNFAIP3
22101,1.824447993197e-07,0.606162280909396,0.194,0.068,0.00313732076910157,5,M1AP
21608,4.80017469919322e-10,0.605961008619722,0.327,0.21,8.25438041273266e-06,5,NFATC3
21870,1.96499974240162e-08,0.605596758797147,0.112,0.007,0.000337901355703382,5,EGLN3
21489,2.44975656170555e-11,0.60558152098826,0.327,0.176,4.21260138350886e-07,5,PINK1
22127,2.06701422125809e-07,0.605177003486331,0.98,0.91,0.00355443765487542,5,TMEM176A
21252,9.77486245023683e-17,0.604237485557956,0.194,0.009,1.68088534694272e-12,5,AGPAT3
21813,9.12105275189812e-09,0.603472610511289,0.653,0.561,0.00015684562312164,5,CLCN3
21526,6.12180041838079e-11,0.603137645819608,0.643,0.588,1.05270479994476e-06,5,PSMB10
21514,4.67089936370009e-11,0.60298127226585,0.276,0.177,8.03207854581867e-07,5,GRAMD1A
21354,1.23406968966035e-13,0.602512514122103,0.255,0.138,2.12210623833993e-09,5,GNG2
21956,5.03858278276613e-08,0.601670812400816,0.745,0.765,0.000866434695324464,5,DAD1
21624,7.12275643912822e-10,0.599201209594899,0.276,0.142,1.22482919727249e-05,5,AKNA
21331,2.34752631055725e-14,0.598501665321694,0.214,0.022,4.03680624363425e-10,5,ENG
22120,2.00579852908121e-07,0.596856293492578,0.633,0.36,0.00344917115060805,5,AW112010
21648,8.90187756055393e-10,0.5949544169306,0.418,0.272,1.53076686531285e-05,5,FERMT3
21590,3.22093143145935e-10,0.593100557333196,0.235,0.085,5.5387136895375e-06,5,MS4A6B
21393,9.21112094832443e-13,0.592983574875126,0.163,0.017,1.58394435827387e-08,5,RALGPS2
21679,1.5373239563644e-09,0.59090379294883,0.204,0.063,2.64358227536423e-05,5,TNIK
21376,4.5849026820241e-13,0.589582182539142,0.378,0.398,7.88419865200863e-09,5,STIP1
21440,5.68696027275735e-12,0.589345224102784,0.663,0.585,9.77929688503353e-08,5,UBXN4
26283,5.69383311146574e-42,2.59845078233835,0.988,0.852,9.7911154184765e-38,6,CCL5
26287,2.4819545923492e-30,1.99877501701881,0.859,0.348,4.26796911700368e-26,6,AW112010
26284,1.5191398621381e-34,1.70564123600787,1,0.731,2.61231290693268e-30,6,EPSTI1
26286,5.16589643446808e-31,1.52487992601469,0.776,0.208,8.8832755087113e-27,6,NET1
26285,4.35719899548473e-31,1.50100543586206,1,0.535,7.49263939263553e-27,6,RGS1
26303,4.9833578631858e-16,1.2910606707693,0.424,0.081,8.56938218153431e-12,6,FXYD2
26288,7.47876348493575e-29,1.22790345379677,1,0.85,1.28604816886955e-24,6,TMEM123
26289,1.65971450976705e-25,1.2254445025249,0.965,0.634,2.85404507099543e-21,6,NPC2
26300,5.19656723498354e-17,1.16571443899218,0.965,0.918,8.9360170172777e-13,6,CST3
26291,1.6370097660173e-20,1.14311044323125,0.988,0.76,2.81500199364336e-16,6,CRIP1
26306,2.93257837417294e-15,1.13129312582944,0.541,0.147,5.04286177222779e-11,6,MT1
26309,4.74060290616994e-15,1.07016997772494,0.941,0.631,8.15194075744982e-11,6,SERPINB6B
26302,2.67017203543262e-16,0.981231609077393,1,0.883,4.59162783212993e-12,6,FSCN1
26305,2.62367857416822e-15,0.967673899174311,0.894,0.524,4.51167767613968e-11,6,APOL7C
26294,6.74653100786744e-19,0.964893808620265,0.941,0.654,1.16013347211289e-14,6,BRK1
26297,1.61117091872516e-17,0.941568233968689,0.753,0.281,2.77056951183978e-13,6,RAP2B
26290,4.97279074396706e-21,0.924243772075812,0.835,0.312,8.55121096332575e-17,6,ARHGAP31
26315,5.63498571049154e-14,0.906283935598764,0.753,0.341,9.68992142776125e-10,6,H2-T22
26313,1.33545181756795e-14,0.882665675532325,0.847,0.454,2.29644294548985e-10,6,PFKFB3
26292,6.79194803680488e-20,0.852655774598342,1,0.881,1.16794338440897e-15,6,PSME1
26316,5.9254209409902e-14,0.828106250677393,1,0.785,1.01893538501267e-09,6,CCR7
26301,2.06507826794261e-16,0.804477544563683,0.835,0.383,3.55110858955412e-12,6,RNF115
26299,4.61751526268168e-17,0.803009821324562,1,0.9,7.94027924570742e-13,6,GADD45B
26296,4.53483533764397e-18,0.796275333846257,0.706,0.232,7.79810284661257e-14,6,CCL22
26307,3.06911389768102e-15,0.787734256891579,0.753,0.312,5.27764825845229e-11,6,RGS10
26293,1.04131217198764e-19,0.78010117237018,0.8,0.3,1.79064041094995e-15,6,ZMYND15
26395,2.54310441027695e-09,0.769123558416079,0.812,0.484,4.37312234391224e-05,6,SERPINB9
26295,1.24946585614492e-18,0.765469098579808,0.624,0.165,2.1485814862268e-14,6,ABCG1
26333,6.84924117503792e-12,0.76011969344516,0.894,0.558,1.17779551245952e-07,6,MXD1
26314,4.97777833882262e-14,0.744708251479738,0.882,0.498,8.55978763143939e-10,6,PGAP2
26340,1.08122460093775e-11,0.740092403943017,0.388,0.089,1.85927382377256e-07,6,LTC4S
26335,8.54119785213418e-12,0.733390567289688,0.918,0.588,1.46874438265299e-07,6,ETV3
26334,8.53880688928286e-12,0.732586096658651,0.694,0.304,1.46833323268108e-07,6,PLA2G16
26338,9.96595099957319e-12,0.727041885612635,0.906,0.576,1.71374493388661e-07,6,ANKRD33B
26348,2.61335742287141e-11,0.697380992093921,0.835,0.461,4.49392942436968e-07,6,IRF1
26346,2.3681121849585e-11,0.68997476331743,0.965,0.734,4.07220571325463e-07,6,CD52
26374,3.96777463732711e-10,0.684096661844417,0.929,0.642,6.82298526634771e-06,6,CLEC2D
26603,4.45742644518816e-07,0.680556744590838,0.435,0.173,0.00766499051514555,6,GCLC
26310,4.98462221888596e-15,0.678809419622283,0.647,0.223,8.5715563675963e-11,6,IL21R
26562,2.57180121524984e-07,0.655989172855646,0.682,0.39,0.00442246936974363,6,ATP2B1
26304,2.04122969731574e-15,0.650442947333744,0.494,0.115,3.51009858750415e-11,6,IL15RA
26368,2.96040787545912e-10,0.650280075147984,0.706,0.345,5.0907173826395e-06,6,PCGF5
26347,2.5124472815669e-11,0.643530274269445,0.482,0.147,4.32040434538245e-07,6,SYNPO2
26371,3.48599847507829e-10,0.642950721450248,0.576,0.23,5.99452297774462e-06,6,DSCAML1
26341,1.35521911305495e-11,0.629741121683524,0.882,0.522,2.33043478680929e-07,6,BMP2K
26298,1.79396221057365e-17,0.626503495645934,0.588,0.154,3.08489741730246e-13,6,ARPIN
26358,9.21329515360692e-11,0.619913047436332,0.847,0.485,1.58431823461425e-06,6,WNK1
26328,1.33152785392854e-12,0.6190783377589,0.788,0.383,2.28969529761551e-08,6,RABGAP1L
26308,3.28506812512302e-15,0.617738918887336,0.871,0.434,5.64900314796155e-11,6,TUBA1C
26408,5.17122545478345e-09,0.603863436906118,0.894,0.606,8.89243929204562e-05,6,H2-Q4
26350,3.37521630050561e-11,0.596112182781504,0.718,0.339,5.80402195034944e-07,6,UBE2L6
26359,1.1648344812169e-10,0.586655940583353,0.529,0.188,2.00304937390059e-06,6,AIF1
