"","UMAP_1","UMAP_2"
"AAACCTGAGAGTCGGT-1",-3.01409722782934,-0.63015586978786
"AAACCTGCAAATTGCC-1",-3.22912980534399,-0.562326260870623
"AAACCTGGTAGCGTCC-1",3.87307523272669,-1.24606067783229
"AAACCTGGTGTGACGA-1",-3.70342923619115,-0.874141761130023
"AAACCTGTCTATCCTA-1",5.25489090464747,3.90151255481846
"AAACGGGAGTTGTAGA-1",-0.0570123336490396,-0.304052420920062
"AAACGGGCAATCAGAA-1",4.75081800006068,4.09944336765416
"AAAGATGAGTCACGCC-1",4.30020903132594,1.35146345847256
"AAAGCAACAGCCTATA-1",0.460559592467904,2.25456666105397
"AAAGCAAGTTGAGTTC-1",0.93912272236979,-1.57509333736293
"AAAGCAATCTACGAGT-1",2.9766249515835,3.43406122081883
"AAAGTAGCACGGTAAG-1",2.61343519471323,3.68281059616215
"AAAGTAGGTCTGCAAT-1",3.10853515647089,-4.33966548091762
"AAATGCCAGCTCAACT-1",1.21816049597895,-1.86738545543544
"AAATGCCTCCTTTACA-1",-4.54813624836767,-1.28230173236721
"AAATGCCTCGCAGGCT-1",5.30497907183802,4.07998054378636
"AACCATGCAAACCCAT-1",4.286477074844,1.95015112214692
"AACCATGCATTGGTAC-1",-1.43478061177099,-0.827209540671038
"AACCATGGTGATAAGT-1",-1.6021411559757,-0.733247109717059
"AACCATGTCAAAGTAG-1",2.39472232840693,-4.14267880565517
"AACCGCGAGGTCATCT-1",-3.36018897511327,0.321739247971845
"AACCGCGGTCAGTGGA-1",1.18991671584284,3.04447608345158
"AACCGCGGTCCCTTGT-1",1.11936496279871,-1.29139692432277
"AACCGCGTCCAAACAC-1",1.31037567637598,-4.25670725948207
"AACCGCGTCGGCTTGG-1",1.14730019949114,-2.46370608455532
"AACGTTGAGCTGAACG-1",0.0118538000408408,-0.316454240149188
"AACGTTGAGGTTACCT-1",-3.86403514363134,-1.58130151874416
"AACGTTGGTAGCTGCC-1",-1.90930320240819,-1.72772247440212
"AACGTTGTCTAGAGTC-1",-3.25159694172704,3.9778494154752
"AACTCAGAGTGGGTTG-1",-3.00167132832372,4.66161649578221
"AACTCAGGTTCGCGAC-1",1.77916324220335,2.75666933410771
"AACTCAGTCACCTCGT-1",-3.65254785038793,-0.825909682577777
"AACTCCCAGGGTTTCT-1",-0.813236727493644,-1.96670086032741
"AACTCCCCAGAAGCAC-1",1.67854190699494,-3.08387953883998
"AACTCCCGTTAGTGGG-1",-2.761458887833,4.22502034061558
"AACTCTTGTGTAACGG-1",1.35044477961695,-4.4273806298434
"AACTCTTGTTATCACG-1",3.44917200587428,3.58764057510502
"AACTGGTAGTAGGTGC-1",0.959416375381112,0.995874456101728
"AACTGGTGTTCGTGAT-1",-0.337625636833549,0.234593323403669
"AACTGGTGTTTAGCTG-1",-1.07723332859838,-2.26423890239589
"AACTTTCTCTATCCCG-1",-2.88515616871679,-1.52906567699306
"AAGACCTCACATTCGA-1",1.93610151193774,3.1770237004102
"AAGACCTCATCCGGGT-1",-3.89469672657812,0.0761662041486026
"AAGACCTGTAAGTGGC-1",0.855829820853829,-1.23173672801845
"AAGCCGCAGATCTGAA-1",4.6911790230099,3.63757007473118
"AAGGAGCAGTCTTGCA-1",-2.79156638600194,3.8290845667661
"AAGGAGCGTATGAAAC-1",-2.95039559819067,-0.284097381895709
"AAGGAGCTCGTGGACC-1",-1.6882178924259,-1.08625514156215
"AAGGCAGAGGAACTGC-1",-2.86192180134618,-1.79149539119594
"AAGGCAGCAGATGGGT-1",1.74858388386404,-3.47862298137538
"AAGGCAGTCCGCATCT-1",1.39537398598826,0.603565505677533
"AAGGTTCAGACAATAC-1",1.3168994643513,3.57558195942051
"AAGGTTCAGCGCTCCA-1",5.19617150805628,4.00640957706578
"AAGGTTCCAAGAGTCG-1",2.77566288493311,-5.03532321102016
"AAGGTTCCATGGGACA-1",-2.38199712254369,3.23822670333989
"AAGGTTCGTCAGCTAT-1",-1.94560648419225,-1.84305531627529
"AAGTCTGAGTGTTGAA-1",1.81245578907168,-3.22714383251064
"AATCCAGCAGTACACT-1",0.528697238189339,0.0664864098370792
"AATCCAGTCGTTGACA-1",-3.9800057552036,0.224763206178022
"AATCGGTCACTGAAGG-1",-2.24824406124914,-1.43741447574489
"AATCGGTCATTACGAC-1",-2.57650901295507,-1.54548961765163
"AATCGGTGTTCAGACT-1",-3.53886701084936,4.99940150135167
"ACACCAAAGCGATGAC-1",0.872430608493447,0.681008032494855
"ACACCAACATCACAAC-1",4.76050399325526,1.50833334677823
"ACACCAAGTGCCTTGG-1",2.00885768316424,3.38192086570866
"ACACCAATCTAGAGTC-1",4.19698999903834,-0.728430577582049
"ACACCCTAGTAGTGCG-1",-0.701119436996818,-2.45768124706142
"ACACCCTGTTACCGAT-1",2.61299531243479,1.62708359860785
"ACACCCTGTTCCCTTG-1",-0.520863070267082,-1.17265827304714
"ACACCCTTCCTGCAGG-1",0.550469265205025,-0.759078809088397
"ACACCGGCAGGGCATA-1",-2.08155013539159,-1.89137465602748
"ACACCGGGTACAGACG-1",-2.30390597798193,-2.27490718013637
"ACACCGGGTAGCGCAA-1",-3.2420063159641,4.89857619159825
"ACACTGAAGCGTTGCC-1",2.10322396538889,-4.78137786037319
"ACACTGAAGTATCTCG-1",-0.702801718490959,-1.46587807781093
"ACACTGAAGTCCAGGA-1",-0.206433667915702,-0.387316056555438
"ACAGCCGAGCTGTTCA-1",-4.29533244587743,-0.434374162024188
"ACAGCCGCAGCATACT-1",3.34387312911189,3.00995569580205
"ACAGCCGTCAGCCTAA-1",1.144860998613,0.422348550492597
"ACAGCCGTCTTTCCTC-1",-3.11257506825292,3.97875254505284
"ACAGCTAAGGCAATTA-1",4.7632312633816,4.13616936557896
"ACAGCTACAAACGTGG-1",-2.37682963826025,-0.242928334540057
"ACAGCTACACGCTTTC-1",4.33501766703761,1.40386172288067
"ACAGCTAGTGCTAGCC-1",2.91056500456965,3.29343109481938
"ACAGCTAGTGTTTGTG-1",1.81860298000014,3.1846707379163
"ACAGCTATCAACACGT-1",2.55534987233317,2.76439814918644
"ACAGCTATCGTCACGG-1",0.614197359305978,2.01700060718663
"ACATACGCATCCCACT-1",-3.85210038639867,-0.0483873570620297
"ACATACGTCAGCCTAA-1",3.52832101367152,3.60722856872685
"ACATACGTCGGATGTT-1",4.70512603305018,4.31672971599705
"ACATCAGAGAGAACAG-1",-0.062542810219169,-2.07760102397792
"ACATCAGAGAGCTTCT-1",-2.26943422772253,-2.54795653468959
"ACATCAGAGGAATTAC-1",4.6364309646908,3.5392770087064
"ACATGGTCAACTGCGC-1",1.24977947853243,1.96187242024548
"ACATGGTCAGCTTCGG-1",-4.75329925038183,-0.500412532156634
"ACATGGTTCATAAAGG-1",1.6752843827728,3.62941615932591
"ACCAGTAAGAATGTTG-1",-4.51911021687353,-0.726129838293719
"ACCAGTACACATTCGA-1",0.246819720489144,-1.48325378543727
"ACCAGTACAGGTGCCT-1",0.0622826673809287,-1.79592020160549
"ACCAGTAGTGTATGGG-1",-2.17617489315832,-0.358282634085345
"ACCCACTAGACTGTAA-1",2.1134641625706,2.55809175127156
"ACCCACTAGCTGAACG-1",-2.52255774952734,-0.463606187170672
"ACCCACTAGTAGGTGC-1",-1.93601609684789,-2.28956944591396
"ACCCACTGTCCATGAT-1",-3.22881795384252,4.68266313427098
"ACCCACTGTTAGTGGG-1",-3.28317071415746,0.13710384719975
"ACCCACTTCAGGCAAG-1",-3.45184995152318,0.544633320504499
"ACCCACTTCTGTTTGT-1",1.31174291752017,3.44108729713566
"ACCGTAAAGGAATTAC-1",-3.20054913975561,-2.20140440112941
"ACCGTAAAGGCTCTTA-1",-3.29176904179418,0.337562254601789
"ACCGTAAGTCTACCTC-1",2.73541687510645,-4.43050439006679
"ACCGTAAGTCTCCACT-1",-1.47330118634069,-1.31675631648891
"ACCGTAATCATATCGG-1",-4.24401141621435,-0.480630704229998
"ACCGTAATCGATGAGG-1",-3.4319420001682,-0.979266711538958
"ACCTTTAAGACCTAGG-1",2.75876925967371,-3.72219807750576
"ACCTTTACAGAGTGTG-1",-4.57083035923803,-0.282387920683551
"ACCTTTACAGGATTGG-1",-2.13231779553258,4.35360591762669
"ACCTTTAGTCTGCGGT-1",-3.1440124652561,-0.478940316504168
"ACGAGCCCAAGTAATG-1",0.195257768851876,0.0644318377316715
"ACGAGCCGTGCAGTAG-1",-3.33331681706274,-1.19579393512599
"ACGAGCCGTTTGGCGC-1",1.63796844019292,-4.66631466991298
"ACGAGCCTCGTACCGG-1",0.185331568938851,-0.408161708182025
"ACGATACAGGTGGGTT-1",-1.29698373295629,-1.40409476405971
"ACGATACAGTAGTGCG-1",3.79173587344325,-1.41951329357021
"ACGATACGTAAGCACG-1",-2.31489111401403,-2.29885584956996
"ACGATACGTCAAACTC-1",-3.15931178547704,3.98965924137242
"ACGATACGTTACGACT-1",4.65330623171961,1.90054266803868
"ACGCAGCAGCTGCGAA-1",-2.40219928242528,-1.46619135982387
"ACGCAGCCAAACTGTC-1",-0.949580683487296,0.0209256922543766
"ACGCAGCCAGTGGGAT-1",1.24264340184367,3.25554054134495
"ACGCAGCCATGACATC-1",-4.42174340702856,-2.14189154750698
"ACGCAGCGTGCTCTTC-1",0.97216396115458,2.17906682842381
"ACGCCAGCATGCCACG-1",4.48063586733973,3.82165782802708
"ACGCCAGGTCGAATCT-1",1.54224002442992,0.386523774796796
"ACGCCGAAGAATGTGT-1",3.77232144854701,-1.49216944820278
"ACGCCGAAGGTGTGGT-1",-0.465174450653434,-1.42280442363613
"ACGCCGAGTCTGGTCG-1",-0.704217924850822,1.43847673290379
"ACGCCGAGTTCGAATC-1",-2.84410907246435,0.648281625443769
"ACGCCGATCCTGTACC-1",4.63635896227992,1.98453708642132
"ACGGAGAGTGCGCTTG-1",1.55317568115628,1.79084350817807
"ACGGAGAGTTCCCTTG-1",0.153509602767586,-0.824050494497943
"ACGGCCAGTACCGGCT-1",-1.83127190090978,-0.308976479834246
"ACGGCCAGTGTGCCTG-1",-3.58330298878515,-2.1022914136111
"ACGGCCATCTCTGCTG-1",-2.72494412876928,-1.72264463550441
"ACGGGCTAGCCACGCT-1",-3.66462422825658,-0.806626149481463
"ACGGGCTAGTACGTTC-1",3.8436002590481,1.00640993469365
"ACGGGCTCACTACAGT-1",-2.70557881810033,-1.60149461871974
"ACGGGCTCATTGGGCC-1",4.22345851443446,-0.235372968977618
"ACGGGCTTCGGTTCGG-1",1.13735146902239,0.138357213670087
"ACGGGTCCACGCGAAA-1",0.20551322482264,-1.69160492069118
"ACGGGTCCATCACGAT-1",-0.14132036187017,-0.738792725866961
"ACGGGTCTCTAACCGA-1",-3.10765506245458,4.2079405104459
"ACGGGTCTCTGATACG-1",-2.1764032981571,-1.22265011913173
"ACGTCAACAGGTCCAC-1",4.45278666995203,1.52259834759839
"ACGTCAATCGCGTTTC-1",-4.22005464054906,0.341750792199445
"ACTATCTAGCAGCCTC-1",3.21068821929133,3.48589175098546
"ACTATCTTCCGTTGTC-1",4.32153605006373,-0.770800420111346
"ACTGAACTCACAAACC-1",0.776658282500863,1.23495986216671
"ACTGAACTCTGCAAGT-1",1.29498480342066,-2.80160243160121
"ACTGAGTTCAGTTAGC-1",2.652803287727,2.99800103061802
"ACTGAGTTCATCGCTC-1",0.561106310111642,1.60173276715882
"ACTGATGAGCAAATCA-1",4.21296022914088,-0.546639748877215
"ACTGCTCGTTAGGGTG-1",4.89494179270899,4.46895068042882
"ACTGTCCCATTATCTC-1",-2.94019366719091,5.03642123096592
"ACTGTCCGTCATGCCG-1",2.03952215693629,-3.17400653011196
"ACTTACTGTAATTGGA-1",1.24363721988833,0.398884466821027
"ACTTGTTAGCTTTGGT-1",2.11344717524683,-4.77872140056484
"ACTTGTTGTCGCCATG-1",1.67807190201914,1.70602648236759
"ACTTGTTTCAACACCA-1",4.84422062419093,-1.04792148715847
"ACTTGTTTCCTTAATC-1",2.47048424266016,-4.53229481822841
"ACTTTCAGTAAGAGGA-1",2.71549056552088,-4.15513665325038
"ACTTTCATCTTCGGTC-1",-1.54640985943639,-0.518333503073382
"AGAATAGAGAGACTTA-1",-0.527014269607902,0.0293533121884586
"AGAATAGAGTGACTCT-1",3.95858405612147,1.23057152979977
"AGAATAGAGTGGTCCC-1",0.296115384322762,-0.43534738666408
"AGAATAGGTTGTGGAG-1",-4.65561152912939,-1.26469142085903
"AGAATAGTCTTGCAAG-1",1.13209222338831,3.55202882640965
"AGACGTTAGTGGAGAA-1",-4.4168954036411,-0.755590506857562
"AGACGTTGTGCGATAG-1",4.34579633258021,1.68651028626568
"AGACGTTGTTAAGACA-1",4.62772058032191,4.31726949566014
"AGACGTTTCAAACGGG-1",-3.93615342594945,-0.640816994970965
"AGAGCGAAGTGTGGCA-1",-2.24130393483007,0.337797812157941
"AGAGCGACAACAACCT-1",1.81108677468932,-4.5395689690768
"AGAGCGAGTCGCGGTT-1",4.98895309947169,4.51749222629673
"AGAGCGATCATCGCTC-1",4.51847837947047,0.922990492516828
"AGAGCTTCATCAGTAC-1",0.909925565940499,-4.18940884715908
"AGAGCTTGTGATGTGG-1",3.25109230063593,2.91940837257512
"AGAGCTTTCTAACGGT-1",-2.86596299626195,-2.12126094943874
"AGAGTGGCAGCTGTAT-1",1.40556718490756,-2.77160079128139
"AGAGTGGCAGCTGTGC-1",-0.986336483734489,-1.73309881336086
"AGAGTGGGTGTGCGTC-1",4.12333534739649,0.805775335961652
"AGAGTGGGTGTTCTTT-1",0.291904196960091,-2.13053471691005
"AGATCTGAGGCCATAG-1",-3.59594346501195,4.67334502094395
"AGATCTGCAGACAAAT-1",-3.30244780995214,5.02118246906407
"AGATCTGCAGTATGCT-1",-1.71526409603918,-1.54309613353603
"AGATTGCAGAAGGCCT-1",1.54132437787688,1.00482379549153
"AGATTGCAGACCGGAT-1",-2.3892026088413,-2.06676013118618
"AGATTGCGTCGGATCC-1",1.84572772763407,0.857838324242902
"AGATTGCTCCATGCTC-1",-3.42189933277929,-0.884007998770404
"AGCAGCCAGGCATTGG-1",2.65173266909754,3.46678881996281
"AGCAGCCAGGGCACTA-1",-1.75321842648351,0.403773001366925
"AGCAGCCCAAGAAAGG-1",-0.652845158356071,-2.17497832424037
"AGCAGCCGTCTTCGTC-1",4.88648317835963,4.25261586063511
"AGCAGCCTCCACGACG-1",1.25624705932772,-2.56920201427333
"AGCATACTCACGCGGT-1",1.59208387590682,-3.02251917964809
"AGCATACTCGTCACGG-1",4.79950879595911,-0.997838565176654
"AGCCTAAAGGGCACTA-1",4.70777772448695,2.63400410764821
"AGCCTAACATGCCTAA-1",3.18629632971919,-4.21917111522548
"AGCCTAAGTGTCAATC-1",-1.09130956150854,-1.06729132778041
"AGCCTAAGTTAGATGA-1",-0.820337548035026,-1.1666007722079
"AGCCTAAGTTGGAGGT-1",-2.10304452397192,4.80924432628758
"AGCGGTCGTCTAACGT-1",-3.69104958988988,-0.447569438284564
"AGCGGTCGTTGAACTC-1",4.29492639086878,-0.36824328548305
"AGCGTATGTATAGGTA-1",-0.150310649650932,-1.60415298587673
"AGCGTATTCACCGTAA-1",-1.99283696629369,0.234580687218976
"AGCGTCGTCAGTTGAC-1",-1.12577153660619,-1.29559356815212
"AGCTCCTAGGGTTTCT-1",-2.2195580146488,-2.14299065715663
"AGCTCCTCATGCCACG-1",-0.667155279892326,-1.66717321521633
"AGCTCCTTCAGTCCCT-1",-2.71278621174657,4.49272458904393
"AGCTCTCCATCCCACT-1",-2.51095248677099,-0.990782805746722
"AGCTCTCGTCGGATCC-1",2.43262331269419,-5.39635045177333
"AGCTCTCGTGTAATGA-1",2.92404888652003,-3.74695307857387
"AGCTCTCGTTCGTCTC-1",-0.60373856045568,1.63252314829237
"AGCTTGAAGGGTCTCC-1",-1.96630336262548,-0.053441234892535
"AGCTTGAAGTCAAGGC-1",1.32640321634448,-0.647907086676287
"AGCTTGAGTAGCACGA-1",-2.68467475392187,4.95739143245823
"AGCTTGAGTGAGGCTA-1",-3.51602937199438,-2.58642775661342
"AGCTTGAGTTCAGGCC-1",1.55106820992863,-4.83591181880825
"AGCTTGAGTTGTTTGG-1",1.54846966348326,-4.88148839122646
"AGCTTGATCATTTGGG-1",-0.459041847961784,0.455335191422773
"AGCTTGATCCGCGGTA-1",2.22640805028117,-3.85045106059902
"AGGCCACGTCTTGTCC-1",-0.157419218796134,-1.87088067180507
"AGGCCACTCGTTTAGG-1",4.51784013293421,3.86934893482335
"AGGCCGTAGGTGATAT-1",-1.87389637448156,-1.21649462825649
"AGGCCGTCAATACGCT-1",3.20979462645686,3.60338228099949
"AGGCCGTCACCAGCAC-1",-2.01257420994604,-0.969392844504046
"AGGCCGTCACCGCTAG-1",-3.04836226918066,4.33631151073582
"AGGCCGTCAGTTCATG-1",-1.07049848057592,-2.73521716243618
"AGGCCGTTCCGGCACA-1",-4.44558288075292,-0.420881339377093
"AGGGAGTCAAGCCTAT-1",-0.382765068786979,-0.503413745230365
"AGGGAGTGTGTCTGAT-1",4.76160906336939,1.73359246456034
"AGGGATGAGGCAGTCA-1",0.393897996169686,-1.43246562129848
"AGGGATGCACCAGTTA-1",-2.54431249119604,0.527911595040631
"AGGGATGTCGGCGGTT-1",-2.55223895527685,-1.8084886754214
"AGGGATGTCGTATCAG-1",1.98996560357249,3.38791315906651
"AGGGTGACAGTTCATG-1",-2.47466613270605,-2.96133620387905
"AGGTCATCATGTTCCC-1",-2.08035637356603,-0.90834886676662
"AGGTCATGTTTAGGAA-1",-1.19140006520116,-1.62700492984645
"AGGTCATTCCTATTCA-1",4.38616560481226,-0.153322764700579
"AGTAGTCCACTGAAGG-1",1.81597399793303,-5.08934504634731
"AGTCTTTAGAGTGAGA-1",3.93673752329981,-1.41356856471889
"AGTCTTTCAAACGCGA-1",2.87547312758601,1.93538529329903
"AGTCTTTCAACGCACC-1",0.199478373748421,0.765247515374494
"AGTCTTTGTGCTCTTC-1",1.07209841988718,-4.07197339183681
"AGTCTTTTCACGGTTA-1",2.54185293696558,3.10195248478062
"AGTCTTTTCATAGCAC-1",-2.06320144154394,-2.70759637004726
"AGTGAGGCAGATGGCA-1",1.27129964612162,2.93559949749119
"AGTGAGGCAGTCGTGC-1",3.50335584662592,3.69566982143528
"AGTGAGGTCATCTGTT-1",-0.300548805969596,-2.15623981601589
"AGTGGGAAGAGGGATA-1",0.0646498062435386,0.469423702889753
"AGTGGGAGTTATGCGT-1",1.50579713366663,-3.85751158840053
"AGTGTCAAGATACACA-1",-3.02556039311254,0.214111021691632
"AGTGTCAAGGATTCGG-1",1.17535708926356,-0.098581262892413
"AGTGTCATCTGCGTAA-1",-3.33944322087133,-0.738236018484759
"AGTTGGTAGGACGAAA-1",4.84750793955958,3.41520183437474
"AGTTGGTGTAGCGCTC-1",-2.88540603138769,4.82610981815465
"AGTTGGTGTGGAAAGA-1",-2.19795705296361,4.97300045841343
"AGTTGGTTCTAACTGG-1",3.95857141993678,-0.658746310537982
"ATAACGCTCCTCATTA-1",-0.00355483509862453,-1.14620334751003
"ATAAGAGAGAGTCGGT-1",1.52813512168562,0.430563262635541
"ATAAGAGCAGAGCCAA-1",1.02274982712901,-1.87363679057949
"ATAAGAGGTAGCTTGT-1",-0.281975164192558,0.491437009507489
"ATAGACCAGCCTTGAT-1",-2.89493800618017,-1.17602522022121
"ATCACGAAGAATTGTG-1",-3.02591992832983,4.36348932140477
"ATCACGAAGAGGTACC-1",-1.75609995343053,-1.71716673023097
"ATCACGAAGCCACGTC-1",2.91944085143244,3.71695654743321
"ATCACGACACAGTCGC-1",4.66483853839076,3.33429413192875
"ATCACGAGTCACCTAA-1",3.8089859344784,1.00977878921635
"ATCACGAGTTATTCTC-1",-3.85125161625707,-1.52081448680751
"ATCACGATCTTGGGTA-1",-1.65432430722082,-0.772245236700702
"ATCATGGGTTCCGTCT-1",-4.54934264637792,-0.119268604582476
"ATCCACCCAGTGGAGT-1",-4.47524882771337,-1.1767817223727
"ATCCACCTCAGTACGT-1",1.78133624873793,-3.46059090740077
"ATCCACCTCTAACTCT-1",1.57858866162336,3.47765355461247
"ATCCGAAAGTGATCGG-1",-1.81274939991796,-2.08427888995998
"ATCCGAATCTTCAACT-1",-3.12564517475927,4.76278298252232
"ATCGAGTAGCAAATCA-1",2.94430552504694,1.85650849991448
"ATCGAGTCAATCCAAC-1",-3.23818541981542,-1.90222556239955
"ATCGAGTGTAGCCTCG-1",-2.59709502674901,-0.868852206534076
"ATCGAGTGTTAAGTAG-1",1.11891876242793,-4.10073954707973
"ATCTACTCATACTCTT-1",-2.74684192158544,4.07250039928563
"ATCTACTGTTCAGTAC-1",-2.76225568272436,-2.94421679622524
"ATCTGCCCACTCAGGC-1",0.725138352138161,-0.0917763198076962
"ATCTGCCGTACGACCC-1",0.44771395705378,1.72756338023551
"ATCTGCCTCATCTGTT-1",2.24553446553385,-4.72616011745327
"ATCTGCCTCCGCGCAA-1",4.39373134158289,1.75609046497352
"ATGAGGGTCAGCGACC-1",0.754079804641366,-0.507253953283954
"ATGCGATAGGGAACGG-1",-4.78099061467016,-2.06447322017543
"ATGCGATGTCGACTAT-1",-2.31907321431005,4.98683565014012
"ATGGGAGTCTGGTATG-1",-2.13692976452672,-0.975894280737567
"ATGTGTGAGCCAGAAC-1",1.85693426511919,-4.81981522685878
"ATGTGTGAGCCCAATT-1",-2.16406227566564,-0.656792708700824
"ATGTGTGGTATATCCG-1",-4.25360490300024,-1.2093630517184
"ATGTGTGGTGTAATGA-1",3.02699111483729,1.90475103908188
"ATGTGTGTCACGAAGG-1",0.470859990340829,-0.391177245443988
"ATGTGTGTCATCTGCC-1",1.43894578598177,1.30406262629635
"ATGTGTGTCTTAGCCC-1",4.01548574946558,0.214597634011579
"ATTACTCAGCTAACAA-1",2.78579793952143,-4.22448737270229
"ATTACTCAGGTGACCA-1",1.7759423562113,0.896606019669843
"ATTACTCGTCAAGCGA-1",-0.353256835716605,-0.573418208426165
"ATTACTCTCTCCTATA-1",-1.93181301571691,-1.39621765262477
"ATTATCCAGGGATACC-1",-4.74592687107885,-0.63120658046596
"ATTATCCCACGGACAA-1",-2.32198335148656,4.56981318348057
"ATTATCCGTCGAGATG-1",3.70773457072413,0.987140885526014
"ATTCTACCACGTCAGC-1",-2.36024023510778,-1.16410858280056
"ATTCTACTCGGTCTAA-1",4.01523040316737,1.76074442543991
"ATTGGACCACCTGGTG-1",-3.25527287937963,4.3850542818845
"ATTGGACCAGGAATCG-1",2.58044253371394,3.67075889461644
"ATTGGTGGTGATGTCT-1",4.76748488925135,2.12280233853467
"ATTGGTGTCCCTTGCA-1",-2.37922526814306,-1.2437983239352
"ATTGGTGTCGGATGTT-1",4.55494092486536,-1.23531086093776
"ATTTCTGAGGTAAACT-1",-2.3312773845371,0.28863828533299
"ATTTCTGAGGTTCCTA-1",5.32356976054347,3.76581161373265
"CAACCAAAGGTGCTTT-1",1.24166862748301,-2.53182799465053
"CAACCAACAGCTCGAC-1",-1.90377356030309,-1.47631985790126
"CAACCAACAGGCTCAC-1",-2.68029262043798,-1.99557835704677
"CAACCAAGTTCGCTAA-1",-4.33438397862279,-1.44669468051784
"CAACCTCCAGCGATCC-1",-2.25245000340307,-2.00799448139064
"CAACCTCCATAAAGGT-1",-1.67259122349584,-0.36140472537868
"CAACCTCGTTCGTCTC-1",4.04764698527491,0.670159271889997
"CAACTAGAGACAATAC-1",1.54330780438817,2.45356177442677
"CAACTAGCAATCCGAT-1",-3.73245717503393,-1.28342682964199
"CAACTAGCACTAAGTC-1",0.1507143833462,-2.14987761623256
"CAACTAGGTTCAGCGC-1",-2.28566504933202,-1.23297483569972
"CAAGAAAAGCCATCGC-1",-2.50706912495458,5.19878690593846
"CAAGAAAAGGGTTTCT-1",1.72784871689713,-3.73584515697353
"CAAGAAAAGTCACGCC-1",0.621559128982186,-2.30856949931972
"CAAGAAACACAAGACG-1",1.25053326867259,1.65785101705201
"CAAGAAACATACTACG-1",2.94845078967249,2.58965032451756
"CAAGAAACATAGTAAG-1",-2.55012465931737,-0.690974780386615
"CAAGAAATCGCGATCG-1",0.626577124816537,-1.40366537219875
"CAAGATCGTAAGGATT-1",-4.51272012211645,-1.44396335727565
"CAAGATCGTCTGCCAG-1",-3.68646050907934,-1.01443488246791
"CAAGATCGTGACTCAT-1",-0.116779103058219,-0.736387320822406
"CAAGGCCGTCATGCCG-1",-3.02717496373022,0.611097387009931
"CAAGTTGAGCCCAATT-1",2.13687275431788,3.26583903186924
"CACAAACAGCACCGTC-1",-3.2811007640537,0.579562715226484
"CACAAACCACAGCGTC-1",-1.68716908909643,-0.422307559317279
"CACAAACCAGCGAACA-1",-3.37283898808324,-0.14987821227901
"CACAAACGTCCGTTAA-1",-1.38099934079015,-2.0411341870486
"CACAAACTCAGCCTAA-1",-0.221397652405143,-1.84034211284511
"CACAAACTCCACGAAT-1",3.83492563746607,0.888954690629316
"CACAAACTCCTTAATC-1",-2.00380422093236,-0.27723736411922
"CACAAACTCGTAGGAG-1",1.40058444522059,3.6579602276624
"CACACAAAGACAAGCC-1",1.33120913885272,-4.00280291683071
"CACACAAAGTGCAAGC-1",0.59728454135096,0.119851282769513
"CACACAACAAGGGTCA-1",5.30793427012599,3.52785735481389
"CACACAATCGAATGCT-1",-2.88247682072485,-1.59207875377529
"CACACCTAGGCATTGG-1",4.57902406237757,-1.23883325702541
"CACACCTCATAAAGGT-1",-3.08989669300878,-1.36453635341518
"CACACCTGTGCCTTGG-1",-4.53083325840795,-0.465256043738055
"CACACTCAGCTAAGAT-1",-3.64783956028783,-1.61296469814174
"CACACTCAGGAATTAC-1",-3.02295876957738,-2.73138243800991
"CACACTCCACGACGAA-1",1.38919751427805,3.46821575515873
"CACACTCCAGTGACAG-1",1.43714021227992,-4.38956744319789
"CACACTCGTATCTGCA-1",-3.56101228215063,-0.969291278189349
"CACACTCGTCAACTGT-1",3.44407616637385,3.34581356399663
"CACACTCGTTTAGGAA-1",4.38826344988978,-0.994477578467059
"CACACTCTCCAGAGGA-1",4.70631240389979,-0.98616320735805
"CACACTCTCCTAGAAC-1",-3.66932822682226,-1.41156084186428
"CACACTCTCGTTTATC-1",-3.13788939930761,-2.23906881458156
"CACACTCTCTGCTTGC-1",3.07108734629786,-4.42544324046962
"CACAGGCAGGACATTA-1",4.59547923587,3.63449817054875
"CACAGGCGTTCTGTTT-1",3.77782939456141,3.54080157631047
"CACAGGCTCAGTTAGC-1",2.65949951193964,-4.04884440547817
"CACAGGCTCTATCGCC-1",-3.39873792149389,-2.12517053729885
"CACAGGCTCTGTGCAA-1",-4.67845202900732,-0.624790736502337
"CACAGTATCCGCGCAA-1",1.00502257130778,0.168999246293378
"CACAGTATCTATCGCC-1",-2.24819375492895,0.562172225648236
"CACATTTAGATCCGAG-1",-3.1124053142246,4.94643133037694
"CACCACTAGTACACCT-1",-3.75750209309423,-1.44244844562404
"CACCACTCAATCGAAA-1",3.9176776268307,3.6791251217664
"CACCACTGTAGCGTCC-1",-2.88279916264379,4.21121042125828
"CACCACTGTCGAATCT-1",-0.172980799454093,-1.46848232395046
"CACCACTGTGGTAACG-1",2.56872390292323,-5.41489703304164
"CACCAGGCATCCGTGG-1",-3.70973922230566,-0.237474747961688
"CACCAGGGTAAGGATT-1",2.04431600950396,1.88623606317647
"CACCTTGGTAGCTTGT-1",-3.25820304371679,-2.65137536174648
"CACTCCATCAACGCTA-1",1.64054418995714,1.64589723848708
"CACTCCATCCCGACTT-1",1.3381037571255,2.01519932501919
"CAGAATCGTCAAAGAT-1",-2.83660031773412,-0.269972988432574
"CAGAATCTCGACGGAA-1",0.563647494536996,-1.0895539010226
"CAGAGAGAGACAGAGA-1",1.81978355429804,1.66691088953025
"CAGAGAGAGGACATTA-1",2.62953101180232,-5.51739461070888
"CAGATCAAGCAACGGT-1",0.636363730651498,0.639902046853376
"CAGCAGCGTCCGAGTC-1",-2.58351327397192,-0.706336804693866
"CAGCAGCGTTATGCGT-1",1.20782424591219,0.577497175866437
"CAGCAGCGTTCACGGC-1",1.25940220139658,-2.52589470989101
"CAGCAGCTCGATAGAA-1",-1.38471843220556,-2.75350672847621
"CAGCAGCTCTGTCAAG-1",-0.334781660812736,-1.97814399844997
"CAGCATAGTGAGGGAG-1",4.29907558940089,1.85665131264336
"CAGCATATCGGCGCTA-1",2.97740219615138,1.69121708811231
"CAGCATATCTTTCCTC-1",-2.82921792485082,-2.64723641521327
"CAGCCGAAGAGCTATA-1",4.15980599902308,3.84364693515904
"CAGCCGAAGTCTCAAC-1",4.66857574961817,2.30199127548344
"CAGCGACAGTGAAGAG-1",4.76197336695826,1.95245317273743
"CAGCGACGTACATGTC-1",1.36533133767283,3.50343590133793
"CAGCGACGTAGCTCCG-1",-4.52710153080785,-2.22785551196926
"CAGCGACGTCGTTGTA-1",-2.76173211552465,4.35686557644017
"CAGCTAACAAGAAGAG-1",-0.64317800022924,1.61990860753663
"CAGCTAACACGGTAGA-1",-0.416749968307853,0.176004699403119
"CAGCTAAGTCGGATCC-1",-2.86747361637914,-1.26788313037746
"CAGCTGGAGCGTTCCG-1",2.52669452212489,-3.66126305705898
"CAGCTGGAGTGGCACA-1",-1.42850662686193,-2.53164202815883
"CAGCTGGGTTAGATGA-1",-3.19276954151952,4.63864844196446
"CAGGTGCAGCCCAATT-1",2.11086575768626,3.02172451370366
"CAGTAACAGACAGAGA-1",-1.36402131535375,-0.515539475744891
"CAGTAACCAGGATTGG-1",2.0714793064419,-4.64614493495815
"CAGTAACGTGAGGGAG-1",0.402302131873727,2.12191002720006
"CAGTAACTCCCTGACT-1",0.702647969943642,-1.89353568202846
"CAGTCCTAGATATGCA-1",-4.04480649449193,-1.70319277889125
"CAGTCCTTCACTATTC-1",-3.99800302006567,-1.80935175067775
"CAGTCCTTCGCATGGC-1",3.91209624789393,-1.51642162448757
"CATATGGCACATTCGA-1",-3.41129399754369,-1.91134769565456
"CATCAAGAGGCTAGAC-1",0.314238534194588,-0.319556542700457
"CATCAAGCAGGGTTAG-1",-2.72030831791723,-0.51190406925075
"CATCAGAAGGTGATAT-1",-2.44138814427221,-1.7006493294894
"CATCAGAGTCGACTGC-1",-3.51700259663427,-1.42141086704128
"CATCAGAGTGACTCAT-1",2.0663857617203,-5.06791121608608
"CATCAGAGTGCCTGGT-1",0.0723297455135581,-0.732083865469622
"CATCAGATCGCTTAGA-1",0.480071053725838,0.820476404362989
"CATCAGATCTTTACAC-1",2.80402992747462,-3.91434628612392
"CATCCACCACATAACC-1",2.49354218028224,1.69264812671549
"CATCCACGTGTCTGAT-1",-4.82100154377782,-0.913965531653094
"CATCGAACACAACGTT-1",1.44556440494692,1.70295197048194
"CATCGAAGTTGGAGGT-1",0.836519525272011,0.385968617135358
"CATCGGGGTCCGACGT-1",2.82619987509882,3.6296113049329
"CATCGGGTCATTGCGA-1",-2.79602338291967,-2.90415675289028
"CATCGGGTCTGCGTAA-1",-3.00117780186498,-1.62591535693996
"CATGACAAGGACAGAA-1",-2.02956987835729,-0.348131963080096
"CATGACACAACTGCGC-1",2.93335829756892,3.48660986774571
"CATGACACATTCCTCG-1",-0.0569160125430825,-0.575208493536639
"CATGACAGTAGCTTGT-1",-3.49791242100561,4.95521490924962
"CATGCCTAGGCAGGTT-1",-2.27645565487707,4.91976707332737
"CATGCCTAGTAATCCC-1",-3.05955602146947,-1.36170775539272
"CATGCCTCATCCGTGG-1",0.0665531017605063,0.575669459039045
"CATGGCGCATGCAATC-1",1.4172907181803,2.55597089880116
"CATGGCGGTCCGTTAA-1",1.1112959244076,2.49316143148549
"CATGGCGTCGTCCAGG-1",1.02081529877818,-1.91309649593227
"CATTATCAGATCTGAA-1",0.764406547767281,1.98992513769276
"CATTATCCAAAGCAAT-1",3.05530117533839,3.49977474563725
"CATTATCCATCGGAAG-1",1.6180620332036,1.46493757420189
"CATTCGCTCGCAAGCC-1",-1.22968508221471,-2.06510359889858
"CATTCGCTCTGTCCGT-1",0.477110729438424,0.891594937974286
"CCAATCCGTAGCAAAT-1",-3.22520162083471,-2.61061293727748
"CCACCTAAGGGTTTCT-1",5.3299078800503,4.00792329662449
"CCACCTATCATTGCGA-1",-4.52696992375219,-1.08342463619106
"CCACGGAAGCACACAG-1",2.66767142794764,3.12543754928715
"CCACGGACAGCCTGTG-1",2.41004435799754,-3.91039092189662
"CCACTACAGGGCACTA-1",3.83166359446681,3.89790814273961
"CCACTACCAAGCCGTC-1",0.911610112411141,0.525629571610761
"CCACTACCATCGATGT-1",1.04650621197855,2.66556738966115
"CCACTACGTCAACATC-1",2.83530543826258,3.22876148574955
"CCACTACGTCTAGCCG-1",-2.81637097813451,-1.87797553188198
"CCACTACTCCGTCATC-1",3.4895678617779,3.40413301342137
"CCAGCGAGTATTCGTG-1",-0.739489092605949,-1.13534004337184
"CCAGCGATCAAACCGT-1",-2.41662360646093,-0.898547478979754
"CCAGCGATCTACCTGC-1",1.04291002534068,2.38309573286183
"CCAGCGATCTTGACGA-1",-4.14695073582494,-1.54580242282741
"CCATGTCGTCACCTAA-1",-1.56676269985998,-2.32972962505214
"CCATGTCTCGCATGAT-1",-2.52013255574071,0.174400261575055
"CCATGTCTCTCAACTT-1",-4.83481360890234,-0.713820763891864
"CCATTCGAGCTTCGCG-1",2.05360610864794,-3.94004876262538
"CCATTCGCATCGGAAG-1",-1.45809484936559,-0.769815274542498
"CCATTCGTCCATGAAC-1",2.02109657309687,-4.71164424068325
"CCATTCGTCGAACGGA-1",0.910361991149544,0.02351479881413
"CCCAATCAGCTAACAA-1",2.2058188178364,-3.28594405300014
"CCCAATCCACCGTTGG-1",3.05561696074641,1.94480533056862
"CCCAATCCATGGTCTA-1",1.42452810786402,-2.91211754924648
"CCCAATCGTATATGGA-1",-3.38893319584692,4.4161309515775
"CCCAATCGTCTCATCC-1",-3.30687428929174,0.226335695916486
"CCCAATCGTTAGATGA-1",1.82520662329829,-2.54531437999599
"CCCAGTTAGCCTATGT-1",-1.71208478428686,-1.83231479770534
"CCCAGTTCAATGGACG-1",0.213935480338692,0.477689913445783
"CCCAGTTCAATTGCTG-1",-0.726037516373039,-2.08878404743068
"CCCAGTTCAGTGGGAT-1",-3.20560218312109,4.87916772716649
"CCCAGTTTCCTTTACA-1",-3.4188771388706,-1.6033375943362
"CCCAGTTTCGGTCTAA-1",-2.81456185795629,4.18724649303563
"CCCATACAGTGCCAGA-1",1.70102623186743,1.40779375188954
"CCCTCCTAGCCACGCT-1",-4.99329806782568,-0.471744366949725
"CCCTCCTAGTGAATTG-1",1.54882071248925,-2.68207461482875
"CCCTCCTGTAGGACAC-1",0.962780640346169,-1.23144466525905
"CCCTCCTTCGCCATAA-1",-4.43634034611547,-0.135675021475482
"CCGGGATGTAGCTAAA-1",-2.62483264424169,0.739139429265332
"CCGGTAGAGTGACATA-1",-2.67437268711889,4.00300782077916
"CCGGTAGCACAGAGGT-1",-3.89117194630468,0.0370135819257023
"CCGGTAGCATCTCCCA-1",-1.79554463841283,-1.13675934917324
"CCGGTAGTCCTAGAAC-1",2.93450068019068,-4.14110905773036
"CCGGTAGTCTCGTTTA-1",4.39755462191737,3.8759960448087
"CCGTACTCACCAGGTC-1",1.34755550406611,0.144469073945356
"CCGTACTCAGCCTGTG-1",-1.39464260556066,-1.97993762142055
"CCGTACTGTTGCTCCT-1",-1.27734304882848,-2.23537809497707
"CCGTACTTCTTTAGTC-1",-1.14487244107091,-2.62648541576259
"CCGTGGAAGCCACCTG-1",-0.0632941863712075,-1.60042984134548
"CCGTGGACACTGTTAG-1",1.61528344906604,2.89390604847081
"CCGTGGAGTGCCTGGT-1",-1.79450751759374,-0.873008080786395
"CCGTTCACATTACCTT-1",-1.43447329022253,-2.03834182865016
"CCGTTCAGTGCCTGTG-1",4.79464529536402,3.97516863697178
"CCGTTCAGTGTAAGTA-1",-4.72651769139135,-1.05067569858425
"CCTAAAGAGAGTACCG-1",1.42823386274016,2.23459028356679
"CCTAAAGAGCCCTAAT-1",1.58870704926288,0.72913151138432
"CCTAAAGGTGTGACCC-1",-0.297556772011161,-1.02886635906093
"CCTAAAGGTTCAGTAC-1",2.59580342553294,-4.46088845378749
"CCTAAAGTCACCAGGC-1",1.43108642182982,0.345301321679425
"CCTACACCACCAGTTA-1",-3.07226802327001,-0.464994260138202
"CCTACACCACGAGAGT-1",3.07790206454432,3.73225133770115
"CCTACACGTAAATACG-1",2.00131152651942,3.55869119518406
"CCTACACTCCCTCAGT-1",-1.72696496464574,-0.610446282690692
"CCTACACTCTCGATGA-1",-3.6133761546787,4.69061010234959
"CCTACCACAAGTAGTA-1",-3.91463281132543,-1.52666885501735
"CCTACCAGTGCGCTTG-1",-2.47633220173681,-0.756944009131121
"CCTAGCTAGGTCGGAT-1",-2.30698920704687,4.65916245334752
"CCTAGCTTCCTTTCTC-1",-2.83549691655004,-0.871180602377581
"CCTAGCTTCTCCCTGA-1",-2.37515975453222,4.98994748943455
"CCTATTACAACCGCCA-1",-2.82430173374975,-2.53506571895473
"CCTCAGTAGCAGGTCA-1",2.88969753764307,3.32890801780827
"CCTCAGTTCTTGAGAC-1",-2.81532765843236,-0.25567586070888
"CCTCTGAAGTAACCCT-1",-2.21055461384618,-2.15064746982448
"CCTCTGAGTGTGACGA-1",-2.84696389653051,3.73425310009129
"CCTCTGATCCGGCACA-1",-3.37275029637182,-1.99711448795192
"CCTTACGAGCGATAGC-1",1.04179357073939,1.94176275187142
"CCTTACGAGCGTCTAT-1",-2.74683906056249,-1.76277215129726
"CCTTACGAGGTGATAT-1",-2.52212287403905,-1.59019262439601
"CCTTACGGTTCGGGCT-1",4.73285721324122,-1.38490183002346
"CCTTCCCAGCTTCGCG-1",-2.72967864491308,-1.7959120953738
"CCTTCCCGTGATGTCT-1",0.867696151954293,1.23716425054677
"CCTTCGAAGAGTAAGG-1",-2.43343259312475,4.59885900371678
"CCTTCGAAGCGATTCT-1",4.1880507328335,-0.879694291418719
"CCTTCGAAGCGTCTAT-1",-3.10038281895483,4.22560398929722
"CCTTCGATCCTATGTT-1",0.0210007288280722,2.02989204877026
"CCTTCGATCGAGCCCA-1",-3.27927590824926,-2.20365793353908
"CCTTCGATCTCTGTCG-1",1.95403684757388,-2.88407618648403
"CCTTTCTAGATCCTGT-1",-3.10507012821996,4.98894040935643
"CCTTTCTAGCTTATCG-1",-4.81266261555517,-1.73368532306545
"CCTTTCTGTACGAAAT-1",-2.80373097874486,0.0823981081784488
"CCTTTCTGTGGTTTCA-1",-0.603211655395866,1.49394280367501
"CGAATGTAGCTAGTTC-1",1.66556099511421,3.62339382522709
"CGAATGTAGTCAATAG-1",-3.27867223240697,-2.48697907573574
"CGAATGTTCACGACTA-1",-4.45928098179662,-0.277677484816241
"CGAATGTTCGTGACAT-1",-2.17981482960546,-1.12576443797939
"CGACCTTCATTTCACT-1",0.0891584017101523,0.354387572938275
"CGACCTTTCTTTACAC-1",1.74450824491417,-2.54854733592861
"CGACTTCCAGGTGGAT-1",-2.74785806156957,-1.84538466579311
"CGACTTCGTGGCGAAT-1",-4.02241231419408,-0.954057284659076
"CGACTTCTCGTGTAGT-1",-2.24540115811193,-1.85373551494472
"CGAGAAGAGACAAAGG-1",-3.1691851756748,-1.84223277217739
"CGAGAAGGTCAGGACA-1",2.48627124808466,-5.5627999985873
"CGAGAAGGTGCATCTA-1",-3.23418427922094,0.160839489632917
"CGAGAAGTCCGTTGCT-1",-0.527940287369132,-0.833125182455706
"CGAGAAGTCTCCGGTT-1",-2.07283021427953,-1.34584362155788
"CGAGCACCATCCCACT-1",-1.50400282360876,-0.337359258001971
"CGAGCACTCAGGTAAA-1",2.00937874696887,3.46504621856816
"CGAGCACTCTCTGAGA-1",4.46403311274683,1.45910378449566
"CGAGCCATCAGTGCAT-1",1.42369923077261,0.257358483010602
"CGAGCCATCCCAACGG-1",1.34300263307726,3.21692555301793
"CGATCGGAGATCCCAT-1",0.609846220237374,-0.723322459524798
"CGATCGGAGGAGTCTG-1",-3.81249381520116,0.424748352700544
"CGATCGGCAACGATCT-1",1.10641144297755,2.80160622947819
"CGATCGGTCCGCGCAA-1",-1.3682499072727,-1.46433050281398
"CGATCGGTCGCTAGCG-1",4.79413364909327,1.87682869189389
"CGATCGGTCTGTTTGT-1",-0.468914046066642,-1.32820684558742
"CGATGGCTCACTCTTA-1",4.62141417048609,-1.03356296665065
"CGATGGCTCACTTATC-1",2.23326347850001,3.38906448238499
"CGATGGCTCAGGATCT-1",2.62277244113123,-4.18377787715785
"CGATGTACAACGATGG-1",5.09817002795374,3.62433450573094
"CGATTGAAGATGGCGT-1",-3.70981265522802,-0.162340351408648
"CGATTGAAGCAGATCG-1",0.228799925071358,-0.640067645376849
"CGATTGAAGCCGGTAA-1",1.49410040758288,3.12655036800511
"CGATTGAAGGGAAACA-1",1.280283705217,-0.103452035254168
"CGATTGATCATTTGGG-1",-4.12734986759985,0.178269199067426
"CGATTGATCCACGCAG-1",-0.920739664810539,-1.51127392894618
"CGCCAAGCATTAGCCA-1",0.525970325690865,0.334184817010236
"CGCCAAGTCTTGGGTA-1",3.62108372233546,-0.682604857748675
"CGCCAAGTCTTGTACT-1",2.8104576923672,2.73110812061436
"CGCGGTAAGATACACA-1",-2.05297948338354,-1.06002361423366
"CGCGGTAAGTGTACTC-1",-4.0023298404392,-0.531072207754779
"CGCGGTACACACCGAC-1",3.01135240576899,-4.3255329812228
"CGCGGTACAGTTAACC-1",1.36459346197283,0.89215516203053
"CGCGGTATCGTTTAGG-1",-1.08471156575048,-2.31276375896327
"CGCGTTTTCATGTCCC-1",5.27483128092921,3.7218212401212
"CGCGTTTTCTGATTCT-1",-4.7413115642246,-1.19171960002773
"CGCTATCAGAGCTGGT-1",4.41336201213038,4.14152901523716
"CGCTATCCACGAAAGC-1",-0.524714960831046,-2.17924887782924
"CGCTATCTCCTTAATC-1",-0.96453072048986,-2.36443812496059
"CGCTGGAAGACACGAC-1",2.07551519654429,-4.70759780055873
"CGCTGGAAGTAAGTAC-1",4.98563383601344,3.96636622303135
"CGCTGGACACTCGACG-1",2.13868407986796,1.37921904676564
"CGCTGGAGTCTACCTC-1",1.93790777109301,-5.02484089977138
"CGCTGGATCGCGATCG-1",4.70414255641139,1.88089384787686
"CGCTTCAAGCTTATCG-1",2.77389954112208,2.14443563573964
"CGCTTCAAGTGGGTTG-1",1.00521998189127,-3.70043522960536
"CGCTTCACAATCCGAT-1",2.42286269448435,3.13327603691227
"CGGACACAGCCAGTTT-1",-3.8327684543308,-1.60232169277065
"CGGACACCAGCTCCGA-1",-1.85745955921972,-0.741953202551532
"CGGACACGTATAGGGC-1",-1.91308475949132,-1.57597119457118
"CGGACACTCAGCACAT-1",5.41364644549525,4.12758796566136
"CGGACTGGTTAGGGTG-1",1.19785900495684,1.24530895703442
"CGGAGCTGTCGCGGTT-1",-2.31133176304662,-1.18796522266262
"CGGAGTCAGACGCAAC-1",4.11017273448145,3.74029629581578
"CGGAGTCGTAACGACG-1",-3.03142453648412,4.98697488659031
"CGGAGTCGTCGGGTCT-1",-0.359528198021293,-0.508123942679095
"CGGAGTCTCAAACGGG-1",-0.974967970627189,-0.788596221274066
"CGGAGTCTCTATCCTA-1",1.13632546446955,-4.17625147945278
"CGGCTAGAGTGCTGCC-1",2.0002783694092,-2.9394918168246
"CGGCTAGTCATCATTC-1",-3.31097127415502,4.45519321315892
"CGGCTAGTCCACGCAG-1",-4.0195851466831,-1.08791715747707
"CGGGTCAAGCTACCTA-1",-2.17103125073278,0.0038704191983463
"CGGGTCAAGGCTCATT-1",2.11637772701418,2.92319267147191
"CGGGTCACACAAGTAA-1",-3.4048652789768,0.397687128716779
"CGGGTCAGTATTCTCT-1",-4.3757600925144,-1.3361724103152
"CGGGTCAGTCTACCTC-1",4.39702795527613,0.270211747819257
"CGGGTCAGTTCGCGAC-1",2.12013061426318,3.564939192468
"CGGGTCATCCTCAACC-1",-3.49749757267797,4.2868162905515
"CGGGTCATCTTGTTTG-1",-4.50031234242284,-1.01364261752956
"CGGTTAAAGGTGACCA-1",2.39658586762583,-4.42514855510585
"CGGTTAATCAATCTCT-1",1.84973800264037,-3.07488972789638
"CGTAGCGAGAGTCTGG-1",1.12424461625254,3.06617789619572
"CGTAGCGCAGCTGCTG-1",4.14952133677638,0.203415087395978
"CGTAGGCAGTTACGGG-1",2.32711254141963,-4.97464377529018
"CGTAGGCTCACAGGCC-1",-2.37558032490575,-1.00671894199245
"CGTAGGCTCACGCATA-1",1.28682400367892,3.26935034149296
"CGTAGGCTCATCATTC-1",-2.30611182667577,-1.40599019176357
"CGTCACTAGATATACG-1",-3.69457055546606,-1.82065851337306
"CGTCACTAGCAGATCG-1",3.61548064730799,3.73749320858128
"CGTCACTAGCGTAGTG-1",-2.22514821507299,-0.674037047690081
"CGTCACTAGTAGGTGC-1",4.63054131053126,3.94088023059971
"CGTCACTCATCGTCGG-1",1.26799632690585,3.50710873954899
"CGTCACTGTAAAGTCA-1",1.40414285741484,1.06225978487141
"CGTCACTGTCATGCAT-1",-3.44639111973608,4.95151322239048
"CGTCAGGGTGTGCGTC-1",2.31138800166285,3.1635138308347
"CGTCCATAGGCGACAT-1",-0.637235178726554,-1.8129757130801
"CGTCCATGTATATCCG-1",-4.81255103566015,-0.842261143988299
"CGTCCATGTCTAACGT-1",1.4613905110184,-2.86531836635463
"CGTCCATTCCATGAGT-1",-2.40238667942846,0.223469904595685
"CGTCTACAGACGCAAC-1",0.94150571606791,-1.37066800243251
"CGTCTACAGAGGTTAT-1",1.00638435862696,0.0914487158597233
"CGTCTACCAACGATGG-1",1.63101938076055,-4.30875546581142
"CGTCTACGTAATAGCA-1",-0.929724945801139,-2.6060186112582
"CGTGAGCTCCGTTGTC-1",-0.704866184967399,-0.672202416723895
"CGTGTAAAGTAGGCCA-1",2.07752738974726,2.61862759941227
"CGTGTAAAGTCCGTAT-1",3.71342896006739,1.14369093530781
"CGTGTAACAGTGGAGT-1",1.08257304213679,-0.260590740507769
"CGTGTCTCAATAGCAA-1",-3.25635386921728,-1.6101427758395
"CGTGTCTGTCGGCATC-1",-0.154296650665641,-0.904089280432391
"CGTGTCTTCACAGGCC-1",4.44403360865748,-1.46538383609645
"CGTGTCTTCGTATCAG-1",1.35944534919894,1.19118337982304
"CGTGTCTTCTGGCGTG-1",0.768186376315713,-1.42057139522426
"CGTTAGACAATCCGAT-1",-2.79760505177343,-1.27467615253322
"CGTTAGACACAGACTT-1",-0.323452844398856,1.75336764284379
"CGTTAGATCAACACTG-1",4.47996138117945,3.98772542827733
"CGTTCTGAGTACGACG-1",3.93262194178736,-0.22774297839992
"CGTTCTGAGTTAAGTG-1",-3.99502755619848,-0.955318518942523
"CGTTCTGGTCCCTACT-1",-0.527745976227165,-0.354610987967181
"CGTTCTGGTTACTGAC-1",-4.70775176503026,-1.96404559261196
"CGTTGGGAGGGAAACA-1",4.09788630984461,-1.31144792682521
"CGTTGGGCAGCGATCC-1",-0.812039389389396,-0.474375077551532
"CGTTGGGGTCCGAAGA-1",-4.74560166813695,-0.529690810507464
"CTAACTTAGAAACCGC-1",0.949980304462075,2.22377299421437
"CTAACTTAGAAGGGTA-1",-0.599134936111808,-2.35367209560268
"CTAACTTCAAGTCTGT-1",-3.51083852269018,5.01782768123753
"CTAACTTTCCAAGTAC-1",1.72059406421816,0.651669911080671
"CTAAGACCATAGTAAG-1",-0.441638960617423,-2.12843353397243
"CTAATGGGTGCGATAG-1",0.838309691173196,1.04272382610447
"CTACACCAGGCCCTTG-1",-2.30401159741247,-0.971226760214495
"CTACACCCACAACGTT-1",-2.55590249516332,-0.977423974341082
"CTACACCTCTTCGGTC-1",1.77350661240256,1.39869173520215
"CTACATTAGCGCTCCA-1",2.2514223911587,3.43449466579564
"CTACATTAGGAGTTTA-1",-3.30040742375219,4.73141806476719
"CTACATTAGTGCGTGA-1",2.69142519019282,2.02302297108777
"CTACATTTCTCCGGTT-1",-3.64159060932958,-1.54156119472377
"CTACCCAGTTAAAGAC-1",-4.04034329869115,-1.3786700452029
"CTACGTCCATTAACCG-1",-3.13915492512548,-0.0601103985964535
"CTACGTCGTGCGGTAA-1",3.97951386950648,-0.857043811148333
"CTACGTCTCTACTTAC-1",1.73358061246312,-4.89045388347499
"CTAGAGTGTAAATGAC-1",-2.52000285603368,-2.15195853359096
"CTAGAGTTCAACACTG-1",-4.15259553410375,-0.778928824728656
"CTCACACAGTTTCCTT-1",-4.77766658284032,-0.981790849035907
"CTCACACCATTTCAGG-1",-1.36177779652441,-2.44860131389492
"CTCACACGTCAAACTC-1",4.74196432612574,1.85586870365746
"CTCACACGTCCAGTAT-1",-4.13506604649389,-0.838858672445941
"CTCACACGTTCGCGAC-1",3.7744150020901,2.60562943571217
"CTCAGAAAGAAAGTGG-1",-0.131301297920585,-0.412843295401263
"CTCAGAACACCGATAT-1",-1.55889727093542,-2.26876670963161
"CTCAGAAGTAATTGGA-1",3.90760229609644,3.50374620311863
"CTCAGAAGTATGAAAC-1",-2.08243013836706,-2.93008381969326
"CTCATTAAGCTGAAAT-1",1.39331871352828,2.49602638834126
"CTCATTACACATTAGC-1",-4.35472823597753,-1.48772055751674
"CTCATTAGTAAACCTC-1",0.98934392712748,3.09260909908421
"CTCATTAGTCAAAGAT-1",-2.10006953694189,-2.61829526073329
"CTCATTAGTTCGAATC-1",2.85317801020777,-4.47317082530849
"CTCATTATCAAGCCTA-1",1.5735888712827,0.391187242204023
"CTCCTAGAGCTAGTGG-1",2.18141053698695,3.26813440673955
"CTCCTAGAGTGCCATT-1",0.248267517310738,-1.97657019740932
"CTCCTAGTCATTGCGA-1",4.31772945902979,-0.322679110830951
"CTCGAAAAGCTCCTCT-1",-1.39066030003393,-0.086292215651202
"CTCGAAAGTATCACCA-1",-2.97112275578344,-2.17654592639797
"CTCGAAAGTCACACGC-1",2.16391544125712,-4.92094905025356
"CTCGAAATCCCTAACC-1",4.59959982417262,-0.799995251959491
"CTCGAAATCGGCGCTA-1",1.0608169891659,1.71913005408801
"CTCGAGGCATTGGTAC-1",0.905062065345406,1.06964998596318
"CTCGAGGTCCGTTGCT-1",-1.68125559307897,-0.182846971815753
"CTCGGAGGTAAGTAGT-1",-2.1572256229099,-2.36788708812587
"CTCGGAGGTCGCATCG-1",-3.09260274388158,-1.03977162486904
"CTCGGGACAACCGCCA-1",3.45451603911555,3.77122824543126
"CTCGGGACAATCGGTT-1",-0.184484138267875,0.469521692925763
"CTCGGGAGTAAGAGGA-1",-3.36997653462255,4.69691865795262
"CTCGTACAGAGCTGCA-1",-4.03148843266332,-1.82563812381618
"CTCGTACCAAGAAGAG-1",-0.523568405884147,-1.53197033054225
"CTCGTCACAACTGCGC-1",-0.66733457066381,-2.08972746974819
"CTCGTCAGTTAAGAAC-1",-2.34373117901647,-2.75146729595058
"CTCTAATAGTACGACG-1",1.78827579401171,-3.22959000713222
"CTCTAATGTCACACGC-1",3.89500139735377,-0.74429947978847
"CTCTAATGTTGAACTC-1",-1.55245019413793,-0.653792687719989
"CTCTAATTCAATACCG-1",-4.3014922282871,-1.43747551090114
"CTCTACGTCCTATGTT-1",-0.8394618175205,-1.79654557353847
"CTCTGGTTCAACCAAC-1",-3.3315682552036,4.97532623165257
"CTGAAACGTCCAGTTA-1",-2.69995833851659,-0.838495084112811
"CTGAAACGTCTCATCC-1",-2.15452577092016,-1.78814990169399
"CTGAAACGTTAGATGA-1",-2.12003780819738,-2.24674327022426
"CTGAAACTCTGATTCT-1",-3.54638005711401,-1.7456658566653
"CTGAAACTCTTACCTA-1",-2.98353005863988,4.35116856449254
"CTGATAGAGACCACGA-1",0.223728046638131,-1.4703710759341
"CTGATAGAGCACAGGT-1",3.86322258494532,-0.949188777273822
"CTGATAGCAAGACACG-1",4.53753851435816,-0.380259581869769
"CTGATAGCACTGTTAG-1",-0.620038285034538,0.570970109635663
"CTGATAGGTGCCTGGT-1",3.65856193087733,3.71855013721592
"CTGATAGGTTCTGTTT-1",1.63797578332218,2.25588732116826
"CTGATCCGTCAACTGT-1",-2.05094768025243,-0.370033570593524
"CTGATCCGTCGCTTTC-1",-2.9248528621372,-1.48099619991176
"CTGATCCGTTCCCTTG-1",-2.82992221333349,5.02494280689366
"CTGATCCTCATATCGG-1",4.20877407572901,0.855778983765912
"CTGCCTAAGCATCATC-1",4.5448646404568,2.18463983290799
"CTGCCTAAGCGTAGTG-1",1.55822988681233,3.35118751876957
"CTGCGGATCGCCATAA-1",2.28568033955729,-5.23324687129848
"CTGCTGTAGGGAACGG-1",-2.33476306416357,-2.71174723750942
"CTGCTGTTCAGCTCTC-1",3.58349786780512,3.71476071231968
"CTGCTGTTCCCAGGTG-1",1.95695267699397,-4.99569232112758
"CTGCTGTTCTTGACGA-1",-1.86028982617223,-2.18805129176967
"CTGGTCTCATGGGAAC-1",3.13596116088068,-4.26235396510952
"CTGGTCTGTCAAGCGA-1",2.13689981482661,-4.51015956050746
"CTGTGCTAGAGCTGGT-1",-2.9243383548435,-1.13890082485073
"CTGTGCTCACAGTCGC-1",-3.04245282627904,-1.53322775012844
"CTGTGCTGTAGCGCAA-1",-1.84306026913488,-2.68527705318325
"CTGTGCTGTCATGCCG-1",0.795976147872567,-0.70285398609035
"CTGTGCTGTTCGCTAA-1",-2.85914088703954,4.5839878832639
"CTGTTTAAGTCCATAC-1",-1.95628692128027,-2.09753496295803
"CTGTTTACAATAGCGG-1",-2.77096082188451,-2.02538115627162
"CTGTTTACAGGAACGT-1",1.42691752396262,3.42356114738591
"CTGTTTAGTAGAGGAA-1",-4.52183057286108,-0.987616368597674
"CTGTTTAGTAGCTTGT-1",2.47851501486933,-5.33048398143642
"CTGTTTAGTCATCCCT-1",-2.73524762608373,-1.32152230388515
"CTGTTTAGTTAAGAAC-1",-2.98910809971654,4.47383158558018
"CTTAACTAGATGCCTT-1",-3.32540561177099,-0.927013703650164
"CTTAACTGTAATCGTC-1",-4.44426681019628,-1.28238088733547
"CTTAACTTCCTCTAGC-1",1.06378696940577,-3.99801642543666
"CTTACCGAGGACGAAA-1",-4.90853501774633,-1.02005083209865
"CTTACCGCATTTCACT-1",4.37518952868617,3.72870176189549
"CTTACCGGTCTAGTCA-1",5.03843329928553,3.55197935455449
"CTTAGGAAGTGGCACA-1",1.87938805006182,3.40367489212163
"CTTAGGACATTGAGCT-1",4.42553089640772,4.07983367794163
"CTTAGGATCACATGCA-1",-0.52756930806005,-2.33883912212245
"CTTCTCTCAATAGAGT-1",-2.78192807652318,-2.67375094539516
"CTTCTCTGTTAAGGGC-1",0.798890159350991,0.628456047707868
"CTTCTCTTCCTAGTGA-1",2.43087796948588,1.64006533377774
"CTTCTCTTCTTACCTA-1",-4.94691850163305,-1.09626109248989
"CTTGGCTGTGCATCTA-1",-2.89024783589208,4.32673519008763
"CTTGGCTTCCCTAACC-1",1.27074976347125,-2.67799384242885
"CTTGGCTTCGAATCCA-1",-3.97053719975317,-1.94211585170619
"CTTTGCGAGACTCGGA-1",-1.93676592327917,-2.21668798572414
"CTTTGCGGTAAGTTCC-1",2.84683071158564,-4.04804808742397
"CTTTGCGGTATGCTTG-1",-2.61212731816137,3.52441316002018
"GAAACTCAGTGTGAAT-1",1.37398205779231,-3.79361827022426
"GAAACTCGTGTTGAGG-1",0.378086433631539,-1.68320066577785
"GAAACTCTCCATTCTA-1",4.64154528163111,-1.18144900447719
"GAACATCAGCGTTTAC-1",1.29744522355235,3.03627496116765
"GAACATCCACGTCTCT-1",-0.379672064560294,-0.530322858160662
"GAACATCTCAAGAAGT-1",0.771881089431405,-0.117992230719256
"GAACCTAAGATCACGG-1",-4.0846052310642,-0.778693028753924
"GAACCTAAGCGACGTA-1",-0.753187670486808,-0.654030152624774
"GAACCTAGTTCGTCTC-1",-0.78079892613256,-0.119082638090777
"GAACGGAAGTCCTCCT-1",-1.88978911854589,-1.62735993511074
"GAACGGAGTACTTCTT-1",0.991279051524758,1.19490688198216
"GAAGCAGAGACCGGAT-1",1.21079002402461,-0.949364014929461
"GAAGCAGAGCTAGTGG-1",-2.6552987239536,-2.66196162349575
"GAAGCAGCACACTGCG-1",2.43908993981516,3.08911507480748
"GAATAAGAGTCGATAA-1",3.91422365687525,3.57432406299717
"GAATAAGTCCAGTAGT-1",-0.946993365066886,-1.45647246486537
"GAATAAGTCGTTACGA-1",-2.89708854176366,-0.885827132528949
"GAATAAGTCTACTCAT-1",-3.23352767445409,-1.57487113124721
"GAATAAGTCTCAAACG-1",-2.72601653553808,-2.19340021259181
"GAATGAACAAATTGCC-1",1.77752810798323,2.97146551960118
"GAATGAAGTCTAGCGC-1",-4.33213235356176,-0.349331685370135
"GAATGAAGTGTGGTTT-1",4.02792213938868,-0.745343753164935
"GACACGCAGGGCTCTC-1",4.15534947894251,0.377126268082929
"GACACGCGTAGAGGAA-1",2.50729571364558,-4.07482010967128
"GACAGAGAGAGTCGGT-1",3.32461868308222,1.89255633109219
"GACAGAGTCTTGTATC-1",-0.0959589622195962,0.220281294518781
"GACCAATAGAGCTATA-1",4.50465057871974,-0.300568171805072
"GACCAATAGGACATTA-1",3.49201200984156,3.4114249264539
"GACCAATAGTATGACA-1",2.09205855510867,3.35441105716832
"GACCAATCAGTGACAG-1",-3.96358920552099,-0.952525206869769
"GACCAATGTGACTCAT-1",-1.29670692898595,-1.10178691989772
"GACCTGGAGAAGGGTA-1",4.53563664935267,-0.434865304297137
"GACCTGGAGGAGTACC-1",3.0681195118252,3.12489455097325
"GACCTGGTCAGCACAT-1",-2.21600057103002,-2.09472186214321
"GACCTGGTCCCTTGTG-1",-0.480388655441642,-0.803562232321429
"GACGCGTAGCAATCTC-1",0.412735328895211,1.00194179170735
"GACGCGTCAACAACCT-1",2.72062181018031,-3.71523482448452
"GACGCGTCAAGCCCAC-1",-2.46666528202856,0.658744982415509
"GACGCGTGTCTCATCC-1",-0.775966896789909,-1.34833867198818
"GACGGCTAGCTACCTA-1",0.960896001083016,1.15005146616108
"GACGGCTGTCGAGTTT-1",0.799246893149972,1.61766111009724
"GACGGCTTCACGCATA-1",-3.12154437519872,-1.26948983318202
"GACGGCTTCAGTGTTG-1",2.57914011262095,2.17379160874493
"GACGTGCAGCATGGCA-1",-0.218074931877494,-1.61162097102993
"GACGTTACACGGTAAG-1",-2.19006897427404,-1.3328867638766
"GACGTTAGTTGCGCAC-1",-3.35289575077856,4.97378127925999
"GACTAACAGCCCAACC-1",-1.30661369778478,-2.11162931568019
"GACTAACTCTCAAGTG-1",-0.405914320724845,-1.72852213031642
"GACTACAAGAGCCTAG-1",-2.20380093075597,-1.66695649272792
"GACTACAAGATGCCTT-1",-0.145374550598502,-2.18084747440212
"GACTACAAGCGTCTAT-1",-3.33915139653051,4.68495171421177
"GACTACACATGTCCTC-1",-3.60834599949682,-0.488779612845111
"GACTACAGTTTAAGCC-1",0.0399238922420737,2.07919507377751
"GACTACATCTGGTATG-1",-0.0389565370258096,2.04509454124577
"GACTGCGAGAGGGATA-1",-2.38140536763036,-1.77984578258388
"GACTGCGAGGCGCTCT-1",1.22199623368418,-2.599203177756
"GACTGCGCAAGCGAGT-1",4.23828147433436,3.86922614925511
"GACTGCGCAGCGTCCA-1",-0.416719212311149,-1.39340908176296
"GACTGCGCAGTTCCCT-1",1.15898229263461,-4.06681878215663
"GACTGCGGTAACGCGA-1",0.993847832900643,0.598125389748883
"GAGCAGACAAGGGTCA-1",4.46988867304957,-0.933677502936053
"GAGCAGATCTGCTGTC-1",1.32904754660761,-2.42411334163539
"GAGGTGAAGAGTAATC-1",-1.48511387326086,-2.18041951305263
"GAGGTGAAGATAGGAG-1",4.76793478511012,4.17454617374547
"GAGGTGAAGGAGCGTT-1",-4.31386329151952,0.0094929253400089
"GAGTCCGAGCTAAACA-1",1.22987659357226,0.793729058438611
"GAGTCCGAGTACGTTC-1",-1.76590086438024,-1.67780096179836
"GAGTCCGCACGAAACG-1",0.442615018111825,-1.16808635837429
"GAGTCCGTCGGCTTGG-1",-0.548367991226554,-2.16719729549282
"GATCAGTCACAAGTAA-1",3.25614033721125,3.39237015598423
"GATCAGTCAGCTTCGG-1",-3.31633187748754,-0.795231410330462
"GATCAGTCATCGACGC-1",-1.50397421337926,-1.30673534519069
"GATCAGTGTAGAAAGG-1",1.31300728104746,3.09382026546605
"GATCAGTGTCCAACTA-1",-3.95859004475439,-0.0190661633669613
"GATCGATAGATAGTCA-1",3.42909978411829,3.47653572910435
"GATCGATGTCACCCAG-1",-3.38117410160863,-0.823016473120379
"GATCGATTCCCTTGTG-1",1.83102789602911,0.838566831284833
"GATCGATTCGCATGAT-1",1.88733680627978,1.60182373874791
"GATCGCGAGAATTGTG-1",0.701710806113839,2.28802787416585
"GATCGCGAGATATACG-1",-4.68326856114233,-0.379746505087542
"GATCGCGCATGGAATA-1",1.14585439942515,-0.526480742758441
"GATCGTAGTTGTGGCC-1",4.07151554606593,-1.62416059619777
"GATCGTATCGCTGATA-1",3.88462112925684,1.2520350431741
"GATCTAGAGCGGATCA-1",-3.00400496937597,0.626082352334333
"GATCTAGAGTATGACA-1",2.19875507138407,-4.30301673061244
"GATCTAGCAAAGGAAG-1",-3.13747264363134,-1.57051140910976
"GATCTAGCACATCCAA-1",2.91155336878932,-4.11281830913417
"GATCTAGGTCTGGAGA-1",-0.134388699310661,0.251503876382184
"GATCTAGTCTCTGCTG-1",1.07453350804484,3.166994503671
"GATGAAAAGGGTATCG-1",4.98246263049281,3.58110289924748
"GATGAAAGTATATGGA-1",1.81270513020194,0.913793197804761
"GATGAAATCGTGGGAA-1",-3.84625388600194,-0.660903521841693
"GATGAGGAGATAGCAT-1",-1.42140151478612,-2.30832678920619
"GATGAGGAGGCATTGG-1",1.69131445966399,-3.49204976207607
"GATGAGGCACATTTCT-1",4.23073147318995,-0.457213708227801
"GATGAGGGTCCGCTGA-1",4.36251328967249,-0.677549668615985
"GATGAGGGTTAAGAAC-1",2.52195267460978,3.03781061523564
"GATGAGGTCTGACCTC-1",-1.8136570594486,-0.361902304953265
"GATGCTAAGCGTAGTG-1",-2.42564059712255,4.6691860472501
"GATGCTAGTGGGTATG-1",-2.9756112239536,-2.10129410869472
"GCAAACTCAGCTGGCT-1",-3.80428744770849,-0.936071225470233
"GCAAACTGTCCGAGTC-1",5.289486632568,3.97759907596715
"GCAAACTGTGTCAATC-1",1.73076003871596,2.44918780677922
"GCAAACTGTTCACCTC-1",-0.337782516258598,0.106611779862714
"GCAAACTTCTAGCACA-1",-2.58667184330785,3.46111886852391
"GCAAACTTCTTGACGA-1",-2.62561656452978,-1.86002118236415
"GCAATCACAATAACGA-1",-4.37794162251318,-1.7582653248965
"GCACATAGTCCGACGT-1",-2.91604043461645,4.56353013866551
"GCACATATCAACTCTT-1",-0.855578675049186,-2.51851708537929
"GCACATATCATCATTC-1",-2.74126864888036,-2.51776415950649
"GCACATATCATCGCTC-1",-1.59918381192052,-2.6160431588351
"GCACATATCGATGAGG-1",5.35228537104762,4.26621287220128
"GCACATATCTATCCTA-1",0.469203934890389,-1.60065037853115
"GCACTCTAGGCTATCT-1",2.98844896338618,1.76733351775415
"GCACTCTGTCACACGC-1",4.58909986994898,-0.869900771444964
"GCAGCCAAGCGATAGC-1",1.11343823455012,-4.09292943126552
"GCAGCCAAGTTCGCAT-1",0.229931936484933,-1.08791119701259
"GCAGCCACAATCTACG-1",3.46685539267695,2.88616483562596
"GCAGCCATCTCGCTTG-1",-0.529932036178947,-1.92626340038173
"GCAGTTAAGCCGATTT-1",-3.67009355046117,-1.12481290943019
"GCAGTTAAGTGACTCT-1",-0.398932947891593,-1.48247391826503
"GCATACACACAGGAGT-1",-4.27140904881322,-1.11467511302822
"GCATACACATGTAAGA-1",3.25234864733851,3.26723807209141
"GCATACACATGTCCTC-1",0.33461068652308,-1.35551149494045
"GCATACAGTATTACCG-1",-3.94325973011816,-1.79725653774135
"GCATGATAGAGTCTGG-1",4.03546165011561,0.121533087426496
"GCATGATGTCAACTGT-1",1.71396915696299,-3.57073742992275
"GCATGATTCTGCTTGC-1",-2.14132834889257,-0.543417760199237
"GCATGCGAGTCCGGTC-1",0.268805251342416,-0.543042966192889
"GCATGCGCACTAGTAC-1",-2.58081819035375,4.08049219005711
"GCATGCGCAGGCTCAC-1",4.10769699595606,-0.321039744681048
"GCATGCGCATACTCTT-1",-2.57837439991796,4.5018243109525
"GCATGCGGTTTGTTGG-1",5.40348719142115,3.66318099849827
"GCATGCGTCGCTGATA-1",-1.56036020733678,-1.18566329128139
"GCATGTAAGCAGATCG-1",-2.10766674496496,0.461744717294049
"GCCAAATAGTAACCCT-1",2.87734292529261,-3.95538050777309
"GCCAAATGTCCCTACT-1",-1.98685933567846,-2.18403608447902
"GCCTCTAAGGCTATCT-1",4.35869811556971,-1.40124041683071
"GCCTCTAAGTGACTCT-1",1.79555292509234,-3.1291218484103
"GCCTCTACAAGAGGCT-1",4.09527348063624,-1.30924112445705
"GCCTCTAGTCAATGTC-1",1.25937183283007,0.820799163514447
"GCCTCTAGTCGAATCT-1",-2.56148244358861,-2.71629817134731
"GCCTCTATCAACGGGA-1",4.25638769648707,3.68618433826573
"GCGACCAGTGAAATCA-1",1.61781945533788,2.62948494308598
"GCGACCAGTTGTCTTT-1",0.296900139075875,2.00905623191006
"GCGAGAAAGACCACGA-1",4.9016795017544,3.52359109275944
"GCGAGAAAGAGAACAG-1",3.76651834033167,3.5276335989774
"GCGAGAAAGCAGACTG-1",2.81313704035914,3.21842639797337
"GCGAGAAAGTACGCCC-1",2.08619348786509,-3.05124241954677
"GCGAGAATCGCCTGTT-1",-4.16562749363744,-0.747142859762835
"GCGCAACTCTAACCGA-1",4.22790001414454,0.243903092080426
"GCGCAGTAGTGACATA-1",1.66459233022964,-2.47998959667079
"GCGCAGTCAACACCTA-1",1.26369400404131,2.53392528646595
"GCGCAGTTCTGTACGA-1",4.57084296725428,4.12290852420933
"GCGCCAAAGGCTATCT-1",-4.03724433399999,-0.0892211878954647
"GCGCCAACAATACGCT-1",-0.266891255157829,-0.905139752691912
"GCGCCAACAGGAATCG-1",-2.56928969837987,0.530904582673383
"GCGCCAACATCTACGA-1",4.90567611239588,4.45550840252049
"GCGCCAAGTGACTACT-1",-3.27758647419775,-2.63747317439907
"GCGCCAATCGAGCCCA-1",-2.7366089961704,-1.70450932628505
"GCGCGATCAGTCTTCC-1",-3.43245173909032,5.14392631405003
"GCGGGTTCATGAGCGA-1",-3.35775472142065,-0.607208558386493
"GCGGGTTGTGGTAACG-1",0.816484437209725,1.41368042581685
"GCTCCTACACTCGACG-1",-2.06153131939733,4.70046704166539
"GCTCCTAGTACCGCTG-1",-1.99138428189123,-1.31657416469448
"GCTCCTAGTAGGCATG-1",0.787574277145028,-2.319333621329
"GCTCCTATCAACACTG-1",-1.02801348187292,-1.08580953723781
"GCTCTGTGTGCGATAG-1",3.0525231220547,-3.88580853587978
"GCTCTGTTCCATTCTA-1",-2.2102966449436,4.92699807041295
"GCTCTGTTCCTCTAGC-1",0.0852405884090659,0.260404518777204
"GCTGCAGCATGCATGT-1",0.92822389386332,1.45579274647839
"GCTGCAGGTATAGGGC-1",4.07944487116969,0.34070651882298
"GCTGCAGGTCATGCAT-1",-3.25562859989965,4.24202244632847
"GCTGCTTAGTTAGCGG-1",1.38907407305872,-4.5107751572787
"GCTGCTTAGTTGAGTA-1",-4.70737840153539,-0.271650143927264
"GCTGCTTTCCTGTACC-1",-2.58672811009252,-0.627426692312884
"GCTGCTTTCTAACTCT-1",-2.14251638867223,0.396714261704755
"GCTGGGTAGCGCTTAT-1",1.1382783808533,1.59128200911887
"GCTGGGTCAAAGGAAG-1",-2.67649747349584,-1.64016015178554
"GCTGGGTCACCAGTTA-1",-2.78271533467138,4.7720810686887
"GCTGGGTCATAGGATA-1",1.77361929498351,-3.5909434045016
"GCTGGGTTCGAGAGCA-1",-4.63025762059057,-0.983519622152972
"GCTTGAAAGAAACCTA-1",1.11926750920451,-0.352595635718036
"GCTTGAAAGGTGCTAG-1",4.13861249468958,3.98437445514805
"GCTTGAATCTAGCACA-1",-0.682385458725334,-1.24088198787563
"GCTTGAATCTTGCAAG-1",-2.7014584682163,-1.26076228267543
"GGAAAGCAGGACAGAA-1",-4.29267837025487,-1.64535529262416
"GGAAAGCGTGACGCCT-1",0.603679881316781,-0.600293942755389
"GGAACTTCACAAGACG-1",5.08005856059229,3.7283171927274
"GGAACTTGTCTAAACC-1",-0.863193049209953,-1.98458845264308
"GGAACTTTCGGACAAG-1",-3.52054311253393,-1.57129079944484
"GGAACTTTCGTGGTCG-1",-2.9766254565891,-1.01506716853969
"GGAATAATCATAACCG-1",1.83576122008002,2.90462832801945
"GGAATAATCTCATTCA-1",4.06282781146204,-1.17947489864223
"GGACAAGAGACTAAGT-1",1.43633689067996,0.566281012231183
"GGACAAGCAGAAGCAC-1",-2.26961423374975,-0.0470787966906308
"GGACAAGTCTTCCTTC-1",1.75431798480189,-4.91241891033046
"GGACAGACAATGGTCT-1",-2.8608389041599,-2.66368109828823
"GGACAGACATGGAATA-1",2.90712772391474,1.97121646159298
"GGACATTCAGGTTTCA-1",1.16511346481478,0.85895328872807
"GGACATTTCGCCATAA-1",-4.66044332005346,-0.495667525595355
"GGACGTCGTCATATCG-1",-2.47319365956151,3.6415913616956
"GGACGTCTCCGTAGGC-1",2.60487888835108,-4.45187766200893
"GGATGTTAGACTAGGC-1",4.13668058894312,-0.629791327780413
"GGATGTTCATCGGAAG-1",-3.17181493260229,-0.464899369543719
"GGATGTTGTATATCCG-1",-3.83642531849706,-0.995205708807635
"GGATGTTGTCCTAGCG-1",0.292963013869881,-1.73461038715236
"GGATGTTGTCTAGGTT-1",-2.52439452626073,0.159985831910443
"GGATGTTGTTCGAATC-1",-0.15490724064672,-1.50818712360256
"GGATTACAGCTGTTCA-1",0.970174477321267,0.791000596219373
"GGATTACCATACGCCG-1",0.674226389152169,0.152234486275983
"GGATTACTCGGCGGTT-1",2.39877156994975,2.48892538898594
"GGCAATTAGACAGAGA-1",-4.64928008534276,-0.836872168844867
"GGCAATTAGGCAGTCA-1",-3.07520200230443,-1.84388763553493
"GGCAATTAGTTGTAGA-1",-3.81196881748998,-1.78768117076747
"GGCAATTCAAATTGCC-1",-0.772002472656608,-0.913900443380999
"GGCAATTGTGAAAGAG-1",3.53982840560114,-0.215109893149066
"GGCCGATGTTGTCGCG-1",-2.28105355717504,-1.68919617778652
"GGCCGATTCTGTGCAA-1",4.85575006983912,1.85630959921486
"GGCGACTCATTCCTGC-1",-2.06500007130468,-1.17433077937953
"GGCGACTTCCTGCTTG-1",1.76432660303748,-3.19884974605434
"GGCGTGTAGAGTACCG-1",1.5343417086426,2.99292211883671
"GGCGTGTAGATGTAAC-1",1.44612130604422,3.53835933559544
"GGCGTGTCAGAGCCAA-1",-2.72079946019018,-0.258294292753863
"GGCGTGTGTAGCCTAT-1",-2.51181174733007,-0.753251143759417
"GGCGTGTTCCCAAGTA-1",-2.95070363499486,4.70118897312291
"GGCTCGAAGATCTGAA-1",4.0088744022671,3.7183541571439
"GGCTCGAAGCAGCCTC-1",3.20177458308375,3.5343485390485
"GGCTCGAAGCCCTAAT-1",-3.6574664256748,-0.190176435774493
"GGCTCGACAAAGTCAA-1",0.912983403426766,-0.943448134726214
"GGCTCGATCGCCATAA-1",-1.96874071575964,-0.76597768909328
"GGCTCGATCTGCAAGT-1",3.95345924876368,-1.3566768849551
"GGCTGGTCAATGGACG-1",0.326227531654,-1.83570296413295
"GGCTGGTCATACAGCT-1",-3.34944583393896,-1.72714025623195
"GGCTGGTGTAGCGCAA-1",-4.90242482640111,-0.758643933600116
"GGCTGGTGTATTACCG-1",-2.86556674458349,-0.180881806677508
"GGCTGGTGTCTTCAAG-1",-1.84239770390356,-0.237443038290667
"GGGAATGAGGCTCTTA-1",-3.84759999729955,0.167274645501447
"GGGAATGAGTCCGTAT-1",4.23620794795191,0.0238034045041324
"GGGAATGCATGGTCAT-1",-1.07672549702489,-1.18648535854213
"GGGAATGGTAAAGGAG-1",-4.19712020375097,-0.393591948813128
"GGGAATGTCACGACTA-1",4.51202701113856,2.18122302644856
"GGGAATGTCGCAGGCT-1",-4.03500415303075,-0.246028968161273
"GGGACCTCACAAGCCC-1",5.21103809855616,4.18546121471531
"GGGAGATCAATCGGTT-1",-3.22701074101293,-2.37724692470424
"GGGAGATCATCCCACT-1",0.842979834300637,1.52398224824078
"GGGAGATGTACAGTGG-1",1.97719608328974,3.55529051178105
"GGGAGATTCAGCTCGG-1",-3.57457353092992,-0.836149283713031
"GGGAGATTCATCGATG-1",-3.14314700581396,4.83706825130589
"GGGAGATTCTGGCGAC-1",3.20954190276301,3.49816375129826
"GGGAGATTCTGTCTAT-1",1.73075300536787,-2.73430688030117
"GGGATGATCCACTGGG-1",-1.99163271405065,-1.38843018657558
"GGGCACTAGCGTCTAT-1",-2.82497407414281,3.97369091861851
"GGGCACTAGTAGCGGT-1",1.35485406301653,3.59544639938481
"GGGCACTCATACAGCT-1",-1.13279010273778,-1.82155568248622
"GGGCACTCATTTGCCC-1",-0.262382998245597,-2.37039286739223
"GGGCACTTCTGCGACG-1",-2.67833854176366,-1.15595490581386
"GGGCATCAGAGTCGGT-1",4.50533555529749,3.9493955885709
"GGGCATCAGCAATATG-1",1.28896524093783,2.53603111856587
"GGGTCTGAGGGATGGG-1",-4.25615312077367,-0.614943810766864
"GGGTCTGAGGTGCAAC-1",-1.22240497090185,-2.61523062831752
"GGGTCTGAGTGTGGCA-1",1.67535184778011,3.08607142322667
"GGGTCTGCACACCGAC-1",-0.931016697662711,-2.06341368800991
"GGGTCTGCATGCCTTC-1",-4.06260396458471,-1.90641553050868
"GGGTCTGGTCGTTGTA-1",-2.95170213200414,4.05495279186375
"GGGTCTGGTGAACCTT-1",-4.29169990040624,-0.990047761267352
"GGTATTGAGTCGAGTG-1",-2.18895532109106,-2.47460515148036
"GGTATTGGTCAAAGAT-1",1.62115497503167,2.52287923448689
"GGTGAAGAGCTGTTCA-1",-0.965164675491691,-1.32711631900661
"GGTGAAGCATGCAACT-1",-1.28916670300329,-0.670044967001605
"GGTGAAGGTAGGCATG-1",-3.71468163945043,-1.27098757869594
"GGTGAAGGTCACCTAA-1",2.3580376961056,-4.28776127941005
"GGTGAAGTCGCACTCT-1",-3.36482955433691,4.31318896167882
"GGTGCGTAGTGACATA-1",-2.5704975269016,-0.405088731115985
"GGTGCGTCAGGCTCAC-1",4.71035455248988,1.95606098228104
"GGTGCGTCATGCCACG-1",3.23974166892207,3.47441368454106
"GGTGCGTTCGAGGTAG-1",-2.52404214360082,-1.70797688609951
"GGTGTTAAGTGTTAGA-1",-1.11149336315954,-1.35070402271144
"GTAACGTAGACTGGGT-1",3.65151999972498,2.18217780345089
"GTAACGTAGTCAATAG-1",4.43142412684596,-0.741106816595721
"GTAACGTCATGAACCT-1",-1.67411042668188,-0.740287610357928
"GTAACGTTCAACGAAA-1",-2.20874525524938,-0.0790613377749203
"GTAACGTTCCTTAATC-1",1.11276613257563,1.56361690812714
"GTACGTACAAGCCCAC-1",2.63615749858057,2.60094576233037
"GTACGTACATCGGTTA-1",-1.78570367314184,-0.872883387869525
"GTACGTATCCACGTTC-1",-0.349645867126823,-2.17997223979824
"GTACTTTAGCCAGTAG-1",-0.934673323410392,-2.21866709834926
"GTACTTTAGCTGATAA-1",4.2939975120846,-1.10011989719264
"GTACTTTAGTATTGGA-1",1.10065864108241,0.0723721300900699
"GTACTTTAGTCCGTAT-1",2.02068777464068,3.782144478494
"GTACTTTCACGACTCG-1",-2.60811711766088,5.14581888073094
"GTACTTTGTGACAAAT-1",3.06373725913203,3.22759526126988
"GTACTTTTCTTTAGTC-1",-0.525382056015373,1.64715751164563
"GTAGGCCCATGTAAGA-1",-1.37310267903173,-1.28447801715724
"GTAGGCCTCAAACCGT-1",-1.9088730952915,-2.94292647487514
"GTAGGCCTCTCCCTGA-1",4.95527456782496,4.31939809673436
"GTAGTCACAAGCCGCT-1",4.11121581576502,3.81158583515294
"GTAGTCACAATGACCT-1",0.694895789844155,0.816851965123487
"GTAGTCACAGGGTATG-1",0.883893177730202,-1.50722558147304
"GTAGTCATCACTGGGC-1",-1.16430546261632,-1.31538445598476
"GTAGTCATCAGAGACG-1",-2.57900954701269,3.93549864643223
"GTAGTCATCATTGCGA-1",-1.62806512333715,-1.57592398769252
"GTATCTTCACGAGAGT-1",4.6947223999325,-0.670799084967303
"GTATCTTGTACCGAGA-1",4.5632538654629,1.8916330998481
"GTATCTTTCCTTGCCA-1",4.5034816124264,0.00283580177433507
"GTATTCTTCATCGGAT-1",-0.512789978760124,-0.0931189740359066
"GTCAAGTAGATACACA-1",-2.55697776295507,-2.47042138225429
"GTCAAGTCAATCCGAT-1",4.32825158618128,-0.196802564924884
"GTCAAGTTCCGTAGGC-1",-3.50957967259252,-2.09559638149135
"GTCACAAAGTGTTGAA-1",-1.79622961499059,-2.50385005123012
"GTCACAACAATTCCTT-1",1.96347956441081,-3.40933615810268
"GTCACAATCACTCTTA-1",-0.462136282699943,-2.05061108714931
"GTCACAATCCAAACAC-1",-3.01992322422826,-2.9013066971957
"GTCACGGAGGATTCGG-1",2.55178646824992,-4.14639861232631
"GTCACGGCAAAGCGGT-1",1.11102996848261,1.22797142618306
"GTCACGGGTCGGATCC-1",2.19592093012965,-4.85227973110073
"GTCATTTAGCTAGGCA-1",0.398921952468514,-0.0826447690188168
"GTCATTTCACACTGCG-1",4.32885311625636,0.48483174198277
"GTCATTTCATTGGTAC-1",1.97283653996623,3.55344014518864
"GTCATTTTCATGCATG-1",-3.28028346516454,4.30002897136815
"GTCATTTTCGGCCGAT-1",2.31328414462245,3.17481069915898
"GTCATTTTCTCCCTGA-1",1.11516879580653,-1.35499269611232
"GTCCTCAAGAACAACT-1",0.682250187617898,-0.400263377493548
"GTCCTCAGTGAGGGTT-1",-0.359926476257682,-0.204120942419696
"GTCCTCATCACCAGGC-1",4.15439175151026,-0.0374835217653988
"GTCCTCATCTCTGTCG-1",-1.86935140110815,-1.87322814113491
"GTCCTCATCTTTAGGG-1",-0.498110308426261,-1.78127462512844
"GTCGGGTCACATTCGA-1",-3.60838366963232,0.0542005812466861
"GTCGGGTTCTCAAACG-1",-1.05624343373144,-2.11744935161464
"GTCGTAACAACACCCG-1",-4.95874787785375,-1.16377932674282
"GTCGTAACAGCATGAG-1",-1.64929439045751,-1.9348498070895
"GTCGTAAGTGGTTTCA-1",-2.43858148075902,-2.44515854961269
"GTCTCGTAGACAGAGA-1",0.0992474415127036,1.77944869452126
"GTCTCGTGTATCGCAT-1",-3.62978555180395,-1.17154366618984
"GTCTCGTGTGGTACAG-1",0.787717447501778,-2.28104431278102
"GTCTCGTGTGTTTGGT-1",0.400839433890938,1.51494205647118
"GTCTCGTTCATGCATG-1",-2.85062171437109,-2.29809434062831
"GTCTTCGCAAGGTTTC-1",1.28685148142016,0.0781287466824772
"GTGAAGGAGTGTCCCG-1",-2.54440452076757,-1.81370002872341
"GTGAAGGGTAAGAGAG-1",-1.43803955532873,-1.96874220020168
"GTGAAGGGTAGCGCAA-1",-1.95054842449987,-0.808364936178851
"GTGAAGGGTCTCCCTA-1",2.94660900614893,-3.98022944576137
"GTGCAGCCACGGCTAC-1",-2.18561722256505,-2.11768157131069
"GTGCAGCGTACATCCA-1",1.92558161996043,-3.28534371501796
"GTGCAGCGTGACAAAT-1",-2.70655156590307,-0.956845589941668
"GTGCAGCTCCATTCTA-1",-2.93220807530248,5.1935693537534
"GTGCATACATCGGACC-1",0.838506982547402,1.16942559831746
"GTGCATATCCTGCTTG-1",1.69196718640363,1.61131437026865
"GTGCATATCGAATGCT-1",-2.25465227581823,-1.18838555461757
"GTGCATATCGACCAGC-1",-3.95052911259496,-0.013084002798724
"GTGCGGTTCTACCTGC-1",-3.28627730824316,-2.67033202297084
"GTGCTTCGTCCTCTTG-1",0.141906247359872,-1.97143609172695
"GTGGGTCAGACTTGAA-1",-4.72164250828588,-0.700973101919818
"GTGGGTCGTGCGGTAA-1",-4.21146918751562,-1.36597067958705
"GTGTGCGAGGAGCGTT-1",-3.15139008976781,5.02904074543126
"GTGTGCGCAAACGCGA-1",-1.83857680775487,-1.86997444278591
"GTGTGCGGTAAACACA-1",-1.83693052746618,-2.19250113613002
"GTGTGCGTCTGTACGA-1",-3.06282330967748,5.2125279223264
"GTGTTAGCAAGCCGCT-1",0.254159913283944,-1.33725030071132
"GTGTTAGCAATAACGA-1",-1.75492741085851,-0.64836818820827
"GTTAAGCAGTATCGAA-1",-2.92602778889501,5.10166161411412
"GTTAAGCCAATGGATA-1",-1.90350891568029,-2.66311652309291
"GTTAAGCGTAGCGATG-1",4.67555330775416,4.14003675335057
"GTTAAGCGTTCGGCAC-1",-1.88968349911535,-0.56988222247951
"GTTACAGAGAAACCTA-1",1.74261795066035,-2.78075701839321
"GTTACAGTCGCTTGTC-1",-2.7351555965122,0.629629424744916
"GTTCATTAGATGTAAC-1",1.11022399447596,2.35193961017735
"GTTCATTAGCGTGTCC-1",0.968536601287484,1.23077907317288
"GTTCATTAGGCTCTTA-1",4.78490828059351,2.04702892058499
"GTTCATTAGGGTGTGT-1",3.95319293521082,-0.232717582052874
"GTTCATTGTACCGCTG-1",0.644200489741921,2.02265458458073
"GTTCATTTCTAACTGG-1",-2.74738933064306,-2.38299567348354
"GTTCGGGAGTCTTGCA-1",0.312425122481942,-1.35688144809597
"GTTCGGGCAGGTCGTC-1",-3.72930671192968,0.281218818360639
"GTTCGGGGTAATCGTC-1",3.94374440692103,0.66704039924748
"GTTCGGGGTCTCACCT-1",1.86868479929602,3.02967672699101
"GTTCTCGCACATGGGA-1",3.026263103706,3.23514407032139
"GTTCTCGTCATGTCTT-1",1.32154889486468,0.347723654443097
"GTTTCTAAGAGCCTAG-1",1.42437648854887,3.37293820732243
"GTTTCTAGTCAAAGAT-1",-2.70944024540746,-1.45224315769069
"GTTTCTAGTTGTGGAG-1",0.283846245032906,0.0180308138669254
"GTTTCTATCAACACTG-1",1.71592629037535,3.20921664589055
"GTTTCTATCGAACGGA-1",-3.3378863475498,4.60251419895298
"GTTTCTATCGCCAAAT-1",0.308645711166024,2.22556810730107
"GTTTCTATCGGCTTGG-1",-1.04577042080724,-2.67403418666713
"TAAACCGAGCGTTGCC-1",0.994092629176736,-1.82028705722682
"TAAACCGAGGACGAAA-1",0.301748023254037,2.08617129080899
"TAAACCGAGTACACCT-1",2.6650297500912,-4.04899031764858
"TAAGAGAAGATAGGAG-1",-4.4889831683811,-0.747836419409442
"TAAGCGTCAGTGACAG-1",1.44689445279276,3.29486303680546
"TAAGCGTGTACGAAAT-1",-1.1780197761234,-0.155549594229388
"TAAGTGCAGTGGGCTA-1",-2.16333414532506,-1.96393115169399
"TAAGTGCCAGCCTTTC-1",-4.09605552174413,-1.93901760227077
"TAAGTGCGTAGGCATG-1",1.64654186449683,0.540726236039472
"TAAGTGCGTCACACGC-1",3.63557277701533,3.89110820644505
"TACACGAGTAAGTTCC-1",4.58726881526148,-1.39552886134975
"TACACGAGTACGCACC-1",-3.23797322728002,4.78834169262059
"TACACGATCCAGTAGT-1",1.47553671978152,2.37827139251835
"TACACGATCGCATGGC-1",1.7095036589328,-3.91591698772304
"TACAGTGGTAAACGCG-1",-2.97460700489843,-2.70031411296718
"TACAGTGTCTTGCATT-1",0.473276601058602,-1.51707536823146
"TACCTATAGACAGAGA-1",3.30064509890711,2.90775006168492
"TACCTATAGGAGTACC-1",4.57291935465968,1.76556940653331
"TACCTATGTGACTCAT-1",-4.98253156163061,-0.785290547674823
"TACCTATGTGTTCTTT-1",0.642956421596169,-1.78733832485073
"TACCTTACAAGGTTTC-1",2.77557550452387,-4.37020976192348
"TACCTTACACGTCAGC-1",0.0744432070080039,-0.867379733389544
"TACCTTAGTCTCTCTG-1",-2.72143031575048,-1.94846589214199
"TACGGATAGAATTCCC-1",4.3846866943661,1.3913876926244
"TACGGATGTGCAGGTA-1",4.11788009188807,0.0394135033429386
"TACGGATGTGTCGCTG-1",2.32752208493388,3.66629283779271
"TACGGGCAGAGGACGG-1",-2.69740153767431,-1.12940961963527
"TACGGGCCAATGTAAG-1",4.51388548396265,-0.3831809247195
"TACGGGCCATTAGCCA-1",-3.83731748082006,-0.539665767019915
"TACGGGCCATTTGCTT-1",-2.30678822018468,4.26503222339757
"TACGGGCGTATTCTCT-1",-1.34229351498449,-2.140871354407
"TACGGGCGTGATGTCT-1",4.1363990166012,4.16024916523106
"TACGGGCTCAGAGACG-1",2.5932739832226,-5.41713149196498
"TACGGTAAGACCTTTG-1",1.00346033356822,-2.29646546489589
"TACGGTACACGAAGCA-1",-2.44748307682836,-0.820100375479388
"TACGGTACACTGTCGG-1",2.99279128096735,-4.16951949245327
"TACGGTAGTCAGATAA-1",-0.135538949745536,-1.80946118480556
"TACGGTATCTAAGCCA-1",0.989299104434609,2.20362188571103
"TACTCATCACAGCCCA-1",4.87975429080164,4.45149224155552
"TACTCATCACCGAAAG-1",-3.55036212422216,-1.29708511478298
"TACTCATGTCAGCTAT-1",1.71150946698821,-4.95321375972621
"TACTCATGTCCTGCTT-1",0.888251588565468,1.37273614757664
"TACTCATTCTAGAGTC-1",-4.34626723744237,-0.190112301176715
"TACTCGCCACCAGATT-1",-0.224413289802909,-1.79531890994899
"TACTCGCGTAGCTCCG-1",-2.74129487492406,-0.503904887503314
"TACTCGCGTAGTACCT-1",0.683723852855324,1.38128711932309
"TACTCGCGTCACCCAG-1",5.22603820346034,4.35852878444798
"TACTCGCTCACGGTTA-1",4.05821202777064,-1.40490562564723
"TACTCGCTCGTTTGCC-1",-0.91306210972631,-0.518407651251483
"TACTTACAGCAGACTG-1",-4.59666062809789,-1.26941115505092
"TACTTACCAAGGCTCC-1",-1.10169245220983,-2.09076983577602
"TACTTACCACGGTTTA-1",-1.28473521687353,-2.44871289378993
"TACTTACCAGGGTTAG-1",5.43592594645655,3.92319767826207
"TACTTACGTCACTGGC-1",4.25994990847743,4.20786326282628
"TACTTACGTCCAGTTA-1",-4.71461535908544,-2.30269534236782
"TACTTACGTTACCGAT-1",-2.71975232579076,3.91608708255894
"TACTTACTCCTCTAGC-1",1.9116859295193,3.47309749477513
"TACTTGTAGATCGATA-1",-2.85860396839941,-2.44083602077358
"TACTTGTCACGACGAA-1",-2.78450824238622,-0.673060723608661
"TACTTGTCAGCCAGAA-1",1.1050241448704,-2.18934614307277
"TACTTGTGTCCGAAGA-1",0.52252732299006,0.377215317422223
"TAGACCAAGTCAAGCG-1",-2.7185950420078,-2.61787945873134
"TAGACCACAAGCTGGA-1",1.63690220710326,0.736695042783094
"TAGAGCTCATCGGAAG-1",1.16689090512431,-1.66660339481227
"TAGAGCTGTGCGAAAC-1",0.0538197614971396,-2.24555046207302
"TAGAGCTTCAGTGTTG-1",2.14099262736475,-5.04341847545497
"TAGCCGGGTGACTACT-1",-2.58936501957738,3.82303946369298
"TAGGCATAGTTTAGGA-1",-0.146514906662345,-0.755748101538348
"TAGTGGTGTCCTAGCG-1",1.74225342355406,0.747557214433026
"TAGTTGGAGAGATGAG-1",4.59341047785914,-1.23351556903713
"TAGTTGGAGTGGCACA-1",-1.96314193226659,-0.887829610174823
"TAGTTGGCAGACAAAT-1",4.49500273249781,2.06008382790692
"TATCAGGAGTGTTAGA-1",1.28022094152606,3.37790339344151
"TATCAGGGTCTCTTAT-1",-0.0398996017154458,-0.172172852820086
"TATCTCAAGTGGGATC-1",4.16027663729823,0.356479815179181
"TATCTCAGTATCACCA-1",0.168263540488839,-1.01436121112697
"TATCTCATCCTGCAGG-1",4.57608793757594,3.42054300659306
"TATGCCCGTATAAACG-1",-2.65560294606054,-1.5591264451205
"TATGCCCTCAGCTTAG-1",1.54805903218424,1.55371092908986
"TATTACCAGAGTAAGG-1",-2.42537213780248,-0.62656004077785
"TATTACCAGATATGGT-1",0.844021485072732,-0.0445110285937069
"TATTACCAGCCACTAT-1",4.92341683886683,4.16275875919468
"TCAACGACACCTCGTT-1",-3.3264527461704,-0.288610049551654
"TCAACGAGTGATAAGT-1",1.40976223431265,3.45187847965367
"TCAATCTAGGCCCTTG-1",4.4418532707516,-0.571202107733416
"TCAATCTGTGGTCCGT-1",-3.45655776478612,-1.25357277042263
"TCAATCTTCATCGATG-1",2.37718491337931,3.53311436527379
"TCACAAGAGAGTCGGT-1",-3.89548303105199,-0.168323704069781
"TCACAAGAGGCTCTTA-1",-4.05795766331518,0.0485674654782535
"TCACAAGCAGTCAGAG-1",2.02340386889613,2.55199997776158
"TCACAAGGTCCAGTAT-1",0.3336338856045,-0.628429242438006
"TCACAAGGTGAACCTT-1",-4.07859565235937,-0.512681313818621
"TCAGATGCAACACCCG-1",2.23823259852564,2.64894585960515
"TCAGATGCACTTGGAT-1",-1.22878600575292,-2.76108033305995
"TCAGATGCATGATCCA-1",-0.789033665436149,-1.63641531116359
"TCAGATGGTAAGTGGC-1",1.30377961776888,2.36842273824818
"TCAGATGGTACAGTGG-1",-1.45823694683874,-0.672361441916156
"TCAGCAAAGACTAAGT-1",3.68709682009852,3.73328845852025
"TCAGCAAAGACTACAA-1",5.1649269916836,4.37615483158238
"TCAGCAAAGCGTAGTG-1",-3.39719201542699,-1.00287134296291
"TCAGCAAAGTGCGTGA-1",2.31272183440363,-4.77279908305995
"TCAGCAAGTCAAACTC-1",-3.89669610478246,-1.24592930919521
"TCAGCTCGTTCACCTC-1",4.76093839190638,4.04509060733922
"TCAGCTCGTTCCGTCT-1",1.19362630031741,-2.86367375499599
"TCAGCTCTCAAACCGT-1",-3.94740249134862,-1.3438742840945
"TCAGGATCAGCAGTTT-1",0.626851783019662,-1.96379310733669
"TCAGGATCATACGCTA-1",-2.35171796299779,-0.520554372137713
"TCAGGATGTGAGTATA-1",-3.93259288288915,-1.80201418048732
"TCAGGATGTGTGACCC-1",3.77357314608729,1.15889971607335
"TCAGGTAGTCACTGGC-1",4.53016541979945,-1.33130151874416
"TCAGGTAGTCGCTTCT-1",0.437155232650399,-1.19968778735988
"TCAGGTAGTTCGTTGA-1",-3.29140044667089,-1.20123965389125
"TCAGGTATCCCAACGG-1",-3.40973855473363,-2.32169158107631
"TCATTACCATACCATG-1",4.21871017001307,-0.726114817923236
"TCATTTGAGCACACAG-1",1.00897137902415,2.79655318611271
"TCATTTGAGTAGCCGA-1",4.54799817584193,1.65213190295703
"TCATTTGCAGTATCTG-1",3.06193457625544,-4.14022881633632
"TCATTTGGTAAATGAC-1",-4.66505385853612,-2.10472614414089
"TCCACACGTTGTGGCC-1",-2.88783503987157,-2.71699006206386
"TCCACACTCCAGGGCT-1",-4.34940053440893,-0.214156576460528
"TCGAGGCAGCTGTCTA-1",0.406006441337228,0.590593985253644
"TCGAGGCGTATAATGG-1",-3.45990134693944,5.02325098865635
"TCGCGAGGTACATGTC-1",2.5091864325825,-3.84982688075893
"TCGCGAGGTAGGACAC-1",-3.66216136433446,-1.46884305126064
"TCGCGAGTCCCGGATG-1",-3.54092790104711,5.0014569079221
"TCGCGAGTCTTCATGT-1",-2.88465167500341,5.02813070171483
"TCGCGTTAGAACAATC-1",-1.59713317372167,-2.26478130466335
"TCGCGTTAGGATGCGT-1",2.28528039239085,-4.54818112499111
"TCGCGTTCACCCATGG-1",4.32141588709986,-0.693005153006244
"TCGCGTTTCCATGAGT-1",-2.37698461033666,-1.34561140186183
"TCGGGACAGTCTTGCA-1",-1.56828333355749,-1.81861407405727
"TCGGTAATCAACGAAA-1",1.25264348171389,3.28746610038884
"TCGGTAATCAAGAAGT-1",2.17869441292918,3.32328682296879
"TCGGTAATCTAAGCCA-1",1.8911974289242,-3.50762707836025
"TCGTACCAGTCGCCGT-1",-1.02046944119298,-1.88767964488857
"TCGTACCAGTCTTGCA-1",-3.21540166355932,-2.53528267986171
"TCGTACCTCGTATCAG-1",-3.22949601628149,-1.39716393596523
"TCGTAGAGTGGTGTAG-1",-3.34528495289648,4.28672879093297
"TCTCATACATCTCCCA-1",4.84096978686488,3.59153383129246
"TCTCATAGTGACGGTA-1",4.6015634395901,-1.2419627392947
"TCTCTAACACCTGGTG-1",0.972281143886208,0.171197346383405
"TCTCTAAGTTCCCTTG-1",2.52802567265666,-4.57896906978481
"TCTCTAATCCAGGGCT-1",1.24170963547862,-2.34822947627895
"TCTGAGACACATCCAA-1",1.43390055082476,-0.13522441036098
"TCTGAGAGTTACGTCA-1",0.72390078089869,-1.10623676425807
"TCTGAGATCCTACAGA-1",-2.04214431263769,-1.34128529674404
"TCTGGAAAGAATGTTG-1",-3.23693133808935,-2.2095182622134
"TCTGGAAAGGAGTTGC-1",2.5174490072552,3.42146187179692
"TCTGGAACAACTGCTA-1",-4.40677978016698,-1.32130057460659
"TCTGGAACACCTCGGA-1",2.6865905382458,-3.93622929698818
"TCTGGAACAGGGTACA-1",-4.48768283345068,-0.940319367712664
"TCTGGAAGTGCCTGGT-1",-2.85880328633153,-1.44532210475795
"TCTTCGGCAGTAAGAT-1",-2.46074964024389,0.536161712342572
"TCTTCGGGTACCGTTA-1",1.00184594176447,1.68321171306975
"TCTTCGGTCCTCCTAG-1",1.64807403821236,2.93302636497624
"TCTTTCCCAAGCGTAG-1",2.83587597392237,-3.96256024486415
"TCTTTCCCAATGTTGC-1",-2.16727091290319,-1.05881125575893
"TCTTTCCCATCCCATC-1",-2.68307448841894,5.16942279689915
"TCTTTCCGTAGAGTGC-1",1.57235553942358,-2.37781722194545
"TGAAAGAAGGACGAAA-1",1.88833977363741,-4.43283660060756
"TGAAAGAAGGGTTCCC-1",0.921927378398537,-1.81836182720058
"TGAAAGAAGGTGCAAC-1",-2.65942479588354,-0.528077670401263
"TGAAAGATCACAATGC-1",-2.40274812199438,-0.182326027220416
"TGAAAGATCACGGTTA-1",-4.74400140263402,-1.55022246486537
"TGACAACAGAAGCCCA-1",4.75498674891627,-1.12758690959804
"TGACAACGTCAATGTC-1",1.22673298500216,3.25599162929661
"TGACTAGAGGTCGGAT-1",-4.34920455433691,-0.300447055166888
"TGACTAGAGTTAGCGG-1",4.50894258998072,-0.251768299406695
"TGACTAGCAATGAATG-1",0.55663250468409,2.37260489814885
"TGACTAGCACCACCAG-1",-2.53191615559423,0.636594942742658
"TGACTAGCATACGCCG-1",2.57010172389185,3.45950799339421
"TGACTTTAGATGCGAC-1",-2.50161696888769,5.13132708423741
"TGACTTTGTATATCCG-1",4.22073148272669,-1.12562639362209
"TGAGAGGAGATGTTAG-1",3.68246220133936,0.971087626153302
"TGAGAGGAGCGATGAC-1",1.084583685619,2.47584950082905
"TGAGAGGCAGTAAGCG-1",1.16733507893717,-1.19215423709743
"TGAGAGGTCGGGAGTA-1",5.03805993579066,4.13326399677403
"TGAGAGGTCTTACCGC-1",1.89562375925219,0.894144943887067
"TGAGCATGTATTCTCT-1",2.17863296054041,-5.09844548351161
"TGAGCATTCCCTAATT-1",-3.18051101185644,0.502373627358747
"TGAGCCGAGGTACTCT-1",-1.04063679196203,-1.89716131336086
"TGAGCCGCACTCAGGC-1",-0.727872385757804,-1.92202145702236
"TGAGGGAAGGCCCTTG-1",4.26752708933985,0.0211886679471256
"TGAGGGACACACCGAC-1",-0.106016053932548,-0.382004329031634
"TGAGGGACAGCTCCGA-1",-2.62202931858861,4.12534849994786
"TGAGGGAGTATCAGTC-1",5.25606988452113,4.33563583248265
"TGAGGGAGTCGCGAAA-1",2.54794900200999,-4.27293259746425
"TGAGGGAGTGCAACGA-1",-2.32916380383337,4.10737698429234
"TGAGGGATCGTGACAT-1",-3.98927022435033,-0.647699662512469
"TGAGGGATCTTCCTTC-1",-3.40583945729101,-1.66801578647487
"TGATTTCAGATACACA-1",-3.07558013417089,-2.32405192500942
"TGATTTCAGCGCCTCA-1",3.28426002047694,3.55791001670964
"TGATTTCTCGAATGCT-1",0.97425626300013,1.07861827963002
"TGCACCTAGTATTGGA-1",-4.57325698353612,-1.1256399834811
"TGCACCTCATGTAAGA-1",1.3025430896107,0.292689613038373
"TGCCAAACATTGTGCA-1",-1.55490280606115,-1.99503261691921
"TGCCAAATCTACCAGA-1",-4.72465945698583,-1.35119754917018
"TGCCCATCAAGCCTAT-1",-0.716461434143424,-0.895103522604632
"TGCCCATCAGCTCGAC-1",2.27624677203333,-3.34816081172817
"TGCCCATCATCCCATC-1",4.99110101245081,3.77296774738438
"TGCCCTAAGTGGGCTA-1",5.09323023341334,3.45032220237858
"TGCCCTAGTCGAAAGC-1",1.9867859341923,-2.97429043895595
"TGCCCTATCCACGCAG-1",4.54976080439723,-0.69073707706325
"TGCCCTATCGGAAATA-1",1.48735867522395,1.04933857076771
"TGCGGGTAGAACAATC-1",2.95349405787623,-3.93534381038539
"TGCGGGTCAGGCAGTA-1",-2.275867714661,-2.00284583217494
"TGCGTGGAGCGGCTTC-1",4.05585812113917,-0.97557503826015
"TGCGTGGAGGACTGGT-1",-2.79415036656225,-2.2115135873019
"TGCGTGGGTTGACGTT-1",-3.10299302555883,5.12195079677708
"TGCGTGGTCCAAGTAC-1",-3.67671634175146,-1.06283552295558
"TGCTACCAGAACTGTA-1",3.12695168040431,3.04250257366307
"TGCTACCCAAGGCTCC-1",1.1036841728512,2.16463556044705
"TGCTACCCATTTCAGG-1",4.41365479014552,0.803526035481763
"TGCTACCGTCCAGTAT-1",4.2185706951443,0.089745095902753
"TGCTACCGTTCACCTC-1",1.57189028046763,1.72946701475389
"TGCTACCTCAGGCAAG-1",1.53587614826596,-4.66220814830654
"TGCTGCTAGAGTACCG-1",-3.06618691899145,4.24723904483922
"TGCTGCTCACGGCCAT-1",4.75730536959803,-0.920884200400042
"TGCTGCTCAGCTGCAC-1",-2.84328032948339,4.56918685787327
"TGCTGCTCATCTCCCA-1",1.37300767086184,-2.70201737529628
"TGCTGCTGTGCCTGTG-1",-4.27122260548437,0.152856043511701
"TGCTGCTGTGCGAAAC-1",-4.8312306544956,-1.19794137126796
"TGCTGCTTCTTGCCGT-1",-1.76248885609472,-2.24171836025112
"TGGACGCGTTCCTCCA-1",-0.712491764801383,-0.539661713904071
"TGGCCAGGTCCGACGT-1",-3.26268626667821,4.65436785572178
"TGGCGCACATCCGGGT-1",-2.38422156788671,-2.39567191249721
"TGGCGCAGTCTTGCGG-1",-1.12796689488256,-0.551491805380511
"TGGCGCATCACCGTAA-1",1.6279006059069,0.675880006486249
"TGGCGCATCGCGATCG-1",-4.38855840184057,-0.463650056189227
"TGGCTGGAGTGTCCCG-1",-2.89783288456762,4.33838074558384
"TGGCTGGCAACAACCT-1",-1.66549946286047,-2.66641671306484
"TGGCTGGGTAGCGTCC-1",4.34428666613734,-0.581881352728534
"TGGGAAGAGAGTCTGG-1",-1.16101433255041,-0.839439698523211
"TGGGAAGCAATACGCT-1",4.81982635043299,3.69538085811741
"TGGGAAGTCTCCCTGA-1",4.23018501780665,-0.44115907794826
"TGGGCGTAGCGTTGCC-1",-3.89389134861791,-0.221028276747393
"TGGGCGTCAAGCGAGT-1",-0.117817296760917,-1.39579398280971
"TGGTTAGAGACATAAC-1",0.858118758422494,-0.204854079550433
"TGGTTAGAGCTACCTA-1",4.48384593508875,-1.1697335923373
"TGGTTAGAGGTAGCCA-1",-2.84384871937597,4.76515930050023
"TGGTTAGAGTCCGTAT-1",2.77051173232234,1.93650194161541
"TGGTTAGCACTACAGT-1",0.943874821883797,1.30849736087925
"TGGTTAGCAGTGACAG-1",1.80761686049139,1.81785281651623
"TGGTTAGCATGGAATA-1",1.60695429786777,-3.23616654521816
"TGGTTAGCATTACGAC-1",-3.26359654881322,4.7949618613065
"TGGTTCCCACAACGTT-1",2.0441073336426,-3.08975989467494
"TGGTTCCCACTGAAGG-1",-3.63312865712011,-0.441092082327533
"TGGTTCCGTCCCGACA-1",1.42387284420168,1.86138575428135
"TGGTTCCGTGGCTCCA-1",4.37851618312037,0.130832842522931
"TGTATTCCACACCGAC-1",5.00229476473963,4.14822523944981
"TGTATTCCACGAAATA-1",4.38485406420863,0.144437721902204
"TGTATTCCATAACCTG-1",2.489746377689,-5.46515805370204
"TGTATTCGTCCTAGCG-1",4.7570228435818,4.50258629673131
"TGTATTCGTGGCAAAC-1",-4.63818170048559,-0.503044434851336
"TGTCCCAAGCGGATCA-1",1.76838108978903,1.6421704953254
"TGTCCCAAGGAATCGC-1",2.05527044914401,-3.79327113277309
"TGTCCCAAGGCCCTTG-1",1.23242752335703,1.4396219765485
"TGTCCCACACTCTGTC-1",4.69866369746363,1.56339088731415
"TGTCCCAGTAAATACG-1",4.68556903384364,4.29975526683934
"TGTCCCAGTCGCGGTT-1",-1.17763759114111,-0.813374110525775
"TGTCCCATCGTTGCCT-1",-1.83083535649145,-2.27336961871974
"TGTGGTAAGCTAACAA-1",4.20485447428858,2.88157801979191
"TGTGGTAGTTCCATGA-1",1.74599018029606,2.50032894962437
"TGTGTTTAGATCCCGC-1",-2.93210889317358,-0.669878550833392
"TGTGTTTAGGAGCGAG-1",1.87146236084139,-4.7927747452914
"TGTGTTTAGTAGCGGT-1",3.89333938143885,0.750598422223401
"TGTGTTTCAACTGCGC-1",2.51810519478953,-3.89223248607509
"TGTGTTTCACGAAGCA-1",1.39432783506548,0.473382881814313
"TGTGTTTCATTCCTGC-1",-1.70342017628515,-1.0856967652499
"TGTGTTTGTAGTAGTA-1",-4.3018756053623,-1.11245162135952
"TGTGTTTGTTCTGTTT-1",1.18015231273806,-3.98277670986049
"TGTTCCGAGAGGACGG-1",1.83362661383784,2.92459040039189
"TGTTCCGAGATGTGGC-1",4.96944283030665,4.40577619426854
"TGTTCCGCAGGTGGAT-1",-1.16510392643774,-1.80600006229274
"TGTTCCGGTCATATGC-1",-3.47708226658666,-0.299453326529193
"TTAACTCAGAGCTATA-1",-1.58091331936681,-2.00441486484401
"TTAACTCAGAGGTACC-1",2.00019474409258,-4.92096526271694
"TTAACTCTCTAACCGA-1",1.65330134972668,1.30210208051808
"TTAGGACCACTGAAGG-1",1.90383078239596,2.28178518169529
"TTAGGACCATTGTGCA-1",2.21054779074824,-4.58166796810024
"TTAGGACTCATGCAAC-1",1.46614214859641,-2.58229548580043
"TTAGGACTCGAGAGCA-1",-1.98502828099096,-2.16322953349941
"TTAGGCAAGCGTCAAG-1",-4.20594979740942,-1.48089177257411
"TTAGGCAAGGAGCGAG-1",-3.93016482807958,-0.62731368190639
"TTAGGCAGTCTGCCAG-1",1.01541589282191,1.8940070038379
"TTAGGCATCGACAGCC-1",4.28209732554591,1.44299503319867
"TTATGCTGTCCATCCT-1",0.966916070205331,0.325729659730268
"TTCCCAGAGCTGCAAG-1",-3.66027451969945,-2.00494582301967
"TTCCCAGAGGGATGGG-1",-3.08378936268651,0.088288477593732
"TTCCCAGGTCTGCGGT-1",1.58427704207337,-2.68636328822963
"TTCGAAGAGAGAACAG-1",-3.27108909108007,-2.13079411632411
"TTCGAAGAGTCTCAAC-1",3.90302608988917,-1.45484335071437
"TTCGAAGCAAACCTAC-1",-1.62450767971838,-1.17608029491298
"TTCGAAGGTTGCGTTA-1",-1.40180875279272,-2.27262766010158
"TTCGGTCAGCGCCTCA-1",-3.0278310916599,4.63277476184971
"TTCGGTCCAAATTGCC-1",2.44061450741923,-4.3594980920016
"TTCGGTCCAGTTAACC-1",1.11617015383875,-3.97117716915004
"TTCGGTCGTTTAGGAA-1",2.36752347729838,2.84283428543217
"TTCGGTCTCGTTGCCT-1",-1.37732912518346,-0.913022824591327
"TTCTACAAGAAGAAGC-1",-3.17640401341283,0.0933558260739566
"TTCTACATCATGCAAC-1",2.15810678980982,-4.71280772334926
"TTCTACATCTGCGTAA-1",-1.38236285664403,-0.49259049541347
"TTCTCAATCTATCCTA-1",-2.9690685413059,-1.3581999028384
"TTCTCCTAGTATCTCG-1",2.72461293719447,3.30497472637303
"TTCTCCTAGTGGTAAT-1",-1.13982964970434,-2.25974113590114
"TTCTCCTAGTTTCCTT-1",-3.16124345280492,-2.23199302799098
"TTCTCCTCAAGAAGAG-1",1.49241539917624,2.32014541977055
"TTCTCCTGTAGCTAAA-1",4.31043909571803,0.325611880952192
"TTCTCCTTCATACGGT-1",-2.65258265950048,-2.30415398723476
"TTCTCCTTCTTGCATT-1",-4.72067405201757,-1.55651695377223
"TTCTTAGAGATGTCGG-1",5.29978941462672,4.26414912098057
"TTGAACGCAAAGAATC-1",-2.52223493077123,3.93619029873021
"TTGAACGCATCGACGC-1",-1.54671193577611,-2.10347039348476
"TTGAACGGTCCAGTTA-1",2.04624514363444,-4.30709702617519
"TTGAACGTCAACACTG-1",-3.17936469532812,4.01569526546605
"TTGACTTGTGCGCTTG-1",1.37488995574152,-1.20652300960414
"TTGCCGTAGCAGATCG-1",-3.02846528508031,-1.62573415881984
"TTGCCGTGTGTGTGCC-1",4.33805345080531,-0.98107607013576
"TTGCGTCAGGCAAAGA-1",-2.75694133259618,-2.56035668498867
"TTGCGTCCATTAGCCA-1",4.30774901889002,-0.247295805281329
"TTGCGTCTCGTCTGCT-1",-2.26958490826452,-2.49706179744594
"TTGGAACCAACACGCC-1",-3.68573953129613,0.260989001923871
"TTGGAACCATCACCCT-1",-1.86285997845495,-0.608828374212909
"TTGGAACCATGCTAGT-1",2.13813416741526,1.46626945489056
"TTGGAACGTGATAAAC-1",4.72306202433741,3.95309012287266
"TTGGCAAAGCTCCCAG-1",-1.70653583027685,-0.40131384975307
"TTGGCAAGTCCTCTTG-1",4.66887281916773,1.97852741830952
"TTGGCAATCGGTGTTA-1",4.20870183489954,-1.40622121936672
"TTGGCAATCTATCGCC-1",4.79277871630824,3.66313927524693
"TTGTAGGAGTGTGAAT-1",2.58435176394618,-3.93004948741786
"TTTACTGAGCTCCTTC-1",4.82927678607142,3.88396447055943
"TTTACTGAGTAGTGCG-1",4.01814054034388,-1.23926074153774
"TTTACTGCAAGACACG-1",-2.8951897761997,-1.98562199718349
"TTTACTGGTAAGGATT-1",-3.77475596882665,0.026471546822858
"TTTATGCGTTTGGCGC-1",-3.58167315937841,-1.00886137134426
"TTTCCTCAGCTAGCCC-1",1.62939323333761,-4.85294682628505
"TTTCCTCCAGCTGCAC-1",-4.16806746937597,-1.50206071979396
"TTTCCTCGTCAGAAGC-1",-3.30293704487646,-1.76614339000576
"TTTGCGCAGACTACAA-1",-2.89604188420141,4.83771603458531
"TTTGCGCCACACATGT-1",5.09324286959803,3.92102330082066
"TTTGCGCGTTGAACTC-1",-0.226940407532096,-2.20467145091884
"TTTGCGCTCTAGAGTC-1",-0.344768895882011,-1.36217720157497
"TTTGGTTCAAGTACCT-1",1.72196663997805,3.29387181156285
"TTTGGTTCACCATGTA-1",-1.01998378254736,-1.50450522548549
"TTTGGTTGTCGTGGCT-1",-0.474755539673209,-1.54286796695583
"TTTGGTTGTTAGAACA-1",4.14436505816615,1.80411814802296
"TTTGGTTTCCACGACG-1",4.15898965380824,1.21192439549572
"TTTGGTTTCTCCAACC-1",2.17482082627451,-5.09871775752895
"TTTGGTTTCTCTAAGG-1",1.4809649594847,2.92857807033665
"TTTGTCACAGATGGGT-1",-3.62597609974706,-0.814348765677142
"TTTGTCATCATGCATG-1",-1.59697510220373,-0.977176734274554
"TTTGTCATCTCGAGTA-1",1.42900316498911,3.17958014362462
